Afghanistan,Africa Eastern and Southern,Africa Western and Central,Albania,Algeria,Angola,Antigua and Barbuda,Arab World,Argentina,Armenia,Aruba,Australia,Austria,Azerbaijan,Bahamas,Bahrain,Bangladesh,Barbados,Belarus,Belgium,Belize,Benin,Bermuda,Bhutan,Bolivia,Bosnia and Herzegovina,Botswana,Brazil,Brunei,Bulgaria,Burkina Faso,Burundi,Cambodia,Cameroon,Canada,Cape Verde,Caribbean Small States,Cayman Islands,Central African Republic,Central Europe and the Baltics,Chad,Chile,China,Colombia,Comoros,Congo,Costa Rica,Cote d'Ivoire,Croatia,Curacao,Cyprus,Czechia,Democratic Republic of Congo,Denmark,Djibouti,Dominica,Dominican Republic,Early-demographic dividend,East Asia & Pacific,East Asia & Pacific (IDA & IBRD),East Asia & Pacific (excluding high income),Ecuador,Egypt,El Salvador,Equatorial Guinea,Estonia,Eswatini,Ethiopia,Euro area,Europe & Central Asia,Europe & Central Asia (IDA & IBRD),Europe & Central Asia (excluding high income),European Union,Fiji,Finland,France,Gabon,Gambia,Georgia,Germany,Ghana,Greece,Grenada,Guatemala,Guinea,Guinea-Bissau,Guyana,Haiti,Heavily indebted poor countries (HIPC),High income,Honduras,Hong Kong,Hungary,IBRD only,IDA & IBRD total,IDA blend,IDA only,IDA total,Iceland,India,Indonesia,Iran,Iraq,Ireland,Israel,Italy,Jamaica,Japan,Jordan,Kazakhstan,Kenya,Kiribati,Kosovo,Kuwait,Kyrgyzstan,Laos,Late-demographic dividend,Latin America & Caribbean,Latin America & Caribbean (IDA & IBRD),Latin America & Caribbean (excluding high income),Latvia,Least developed countries: UN classification,Lebanon,Lesotho,Liberia,Libya,Lithuania,Low & middle income,Lower middle income,Luxembourg,Macao,Madagascar,Malawi,Malaysia,Maldives,Mali,Malta,Marshall Islands,Mauritania,Mauritius,Mexico,Micronesia (country),Middle East & North Africa,Middle East & North Africa (IDA & IBRD),Middle East & North Africa (excluding high income),Middle income,Moldova,Mongolia,Montenegro,Morocco,Mozambique,Myanmar,Namibia,Nauru,Nepal,Netherlands,New Zealand,Nicaragua,Niger,Nigeria,North America,North Macedonia,Norway,OECD members,Oman,Other small states,Pacific island small states,Pakistan,Palau,Palestine,Panama,Papua New Guinea,Paraguay,Peru,Philippines,Poland,Portugal,Post-demographic dividend,Pre-demographic dividend,Puerto Rico,Qatar,Romania,Russia,Rwanda,Saint Kitts and Nevis,Saint Lucia,Saint Vincent and the Grenadines,Samoa,San Marino,Sao Tome and Principe,Saudi Arabia,Senegal,Serbia,Seychelles,Sierra Leone,Singapore,Sint Maarten (Dutch part),Slovakia,Slovenia,Small states,Solomon Islands,Somalia,South Africa,South Asia,South Asia (IDA & IBRD),South Korea,Spain,Sri Lanka,Sub-Saharan Africa,Sub-Saharan Africa (IDA & IBRD),Sub-Saharan Africa (excluding high income),Sudan,Suriname,Sweden,Switzerland,Tajikistan,Tanzania,Thailand,Timor,Togo,Tonga,Trinidad and Tobago,Tunisia,Turkey,Turkmenistan,Turks and Caicos Islands,Tuvalu,Uganda,Ukraine,United Arab Emirates,United Kingdom,United States,Upper middle income,Uruguay,Uzbekistan,Vanuatu,Vietnam,World,Zambia,Zimbabwe
,2867.192554,2810.781204,4827.318484,8746.351882,5783.429552,15458.45719,9648.877727,14144.76367,5180.061203,37035.03318,31058.25967,37440.83712,7758.154036,38099.25383,38601.03273,1517.729271,13984.19252,8895.476512,35506.23927,4854.989363,2175.208576,65961.40628,2880.571658,4587.429381,,9074.2057,10521.12101,71232.78943,12070.77397,1017.540051,1184.842005,,3222.945028,,1748.618506,10308.25697,,1201.674665,13943.66457,1003.785541,9849.648557,1423.896348,8307.25326,3061.330914,5071.8103,9932.629839,4499.875363,,,25286.28338,23585.18149,1819.723315,39027.97874,,7775.437361,6203.20781,4549.871027,5093.157435,2196.686349,2172.962866,8293.740675,6086.686754,5264.676231,1039.985049,,5097.823609,767.0135653,32667.59556,23462.12327,14915.8606,15221.97804,28502.17508,8451.44285,32939.38329,33732.01421,18179.17,2265.233478,11135.46289,36645.41034,2342.366319,24306.5524,8813.923837,5561.070684,1507.640611,1994.661475,4843.092273,3229.619556,1757.488522,32045.80576,3990.029065,28798.4586,,5099.565296,4536.209628,3164.223928,1749.307652,2235.603123,,1813.135853,4532.540351,8630.835216,7684.828337,26793.49228,,36585.6799,8592.387094,32168.76411,7924.177623,13475.6399,3209.913187,2134.123517,,,5158.317569,1964.572977,5283.603859,10810.73299,10797.34701,10402.96064,,1532.227569,7552.859281,1336.633304,,,,4371.310624,3184.861235,67641.5636,48773.23665,1853.049388,936.0602098,10306.08209,,1414.886475,16106.91767,3302.108436,4640.932334,7989.529896,14949.03015,2995.504774,10700.79232,6887.130717,6863.954082,4589.246584,,4983.778131,,3816.993613,471.3251025,619.6453094,5945.970793,,1616.649398,36461.41902,28086.82413,3454.267648,1124.922326,3259.6429,39365.09401,11378.16066,42136.61626,29249.88653,26558.52373,,5419.997223,2915.900175,,,10726.00275,2434.700123,8475.736625,5249.200384,4231.791736,11314.96237,23556.85621,31839.65655,2542.817481,21595.97856,,13302.47218,21482.74819,936.6343101,15160.70517,11709.59952,6547.425762,4055.027494,,,41392.53306,2472.784404,,14584.81916,1460.778937,37412.32775,,,,,2317.999402,1.960151869,10296.44084,1914.534357,1914.534357,12656.39606,27543.91924,3878.309338,2846.068547,2846.068547,2844.47218,1602.893604,13888.90629,34156.8203,56329.21565,4092.861603,1392.221946,7102.056264,,1787.174459,3765.390121,10080.83787,5432.327495,12629.46728,7207.933949,,2610.768952,907.7614413,15751.72244,111454.0557,30464.98856,40411.16034,6031.946205,11066.12886,3416.724096,2855.900688,1673.249806,9649.633383,2190.181724,3594.929437
,2783.028528,2771.225958,3496.580246,8431.388541,5649.78213,15588.02296,9620.785892,15221.79215,4616.944854,38455.20777,30542.91971,38344.65386,7585.179517,35837.46519,41770.64215,1534.525179,13388.58911,8784.420451,36022.98703,5310.151192,2191.840607,63958.89625,2848.238815,4728.047507,,9460.145043,10493.92831,71405.37812,11161.35355,1080.515211,1215.887187,,3008.802097,,1730.787103,10445.07859,,1165.240259,12600.45016,1055.16205,10444.75109,1534.705272,8308.932643,2812.282501,5052.716164,9895.495601,4342.391888,,,24822.34506,20895.87976,1606.326694,39469.32281,,7885.270711,6143.848158,4646.688519,5293.119604,2328.62491,2303.46592,8450.151423,6016.906969,5271.21773,996.8783445,,5047.366514,687.5431513,33398.04437,23197.74346,13988.92116,14284.39179,28817.81819,8146.958485,30831.60881,33897.23144,18770.60373,2248.38056,8724.290499,38237.73406,2395.692927,24761.04476,8923.6313,5611.542263,1503.801223,2049.613967,5128.401069,3225.865247,1714.81943,32339.2946,3749.173207,30189.15856,16424.90912,5041.546196,4479.489895,3148.271032,1717.943215,2210.708795,,1795.302326,4762.388145,9479.991509,2690.276334,27153.945,,37122.82193,8936.362358,33137.70311,7634.969116,11917.71405,3150.235705,2096.533381,,,4671.52285,1992.478793,5218.768386,10989.17232,10976.0325,10565.1283,,1512.374984,10829.09421,1397.934719,,,,4321.215748,3172.208909,72510.67822,49155.71936,1686.15692,997.0161637,10991.0681,,1547.084128,16659.55027,3227.304666,4602.720639,8254.316211,15293.15871,3137.361365,10883.65387,6691.90463,6668.239493,4540.926331,,4481.206642,,4018.550264,481.8968555,607.4575127,6242.000835,,1675.290745,37057.58313,26466.67346,3371.678584,1084.556986,3189.089071,38803.77861,10691.64805,43229.92976,29390.5459,26957.77776,,5287.804898,2976.912543,,,11493.62111,2605.222798,8547.339067,5258.26019,4103.90875,10483.90203,24642.59962,31982.79267,2273.615533,21937.8921,,11685.0989,20340.13191,939.5014674,14833.42383,11587.19385,6408.464245,3932.700511,,,46075.13009,2463.537947,,14789.11914,1485.199627,38794.89445,,,,,2388.81631,,9943.438069,1910.460044,1910.460044,13882.42101,28173.38724,4008.138294,2779.92613,2779.92613,2778.315338,1679.311428,13993.14006,33536.01491,55120.11476,3720.018892,1374.651501,7619.036169,,1733.92147,3999.617625,10327.04842,5520.304974,12507.30779,6685.071968,,2673.786728,926.2033546,14396.6327,106103.5527,30035.89352,39831.58569,5957.607427,11377.0311,3328.189782,2864.818884,1736.014089,9621.060568,2133.68749,3705.493095
,2642.479937,2765.522571,3265.017429,8383.769007,5148.254857,15500.49184,9899.014974,16209.32598,2735.786539,38559.09597,30298.92902,38718.93305,5782.650277,33815.95498,43430.27134,1582.3136,12579.46817,7924.014893,36426.2881,5852.845462,2179.50723,64385.40741,2979.907445,4705.587145,,9470.341823,10268.1141,72705.72804,10461.39562,1054.253612,1202.106294,,2831.18836,,1868.638379,10645.0447,,1060.638246,12347.31822,1103.79737,11421.03818,1731.657215,8478.203182,2964.216714,5043.861603,10528.34779,4179.62285,,,26442.70681,20768.78817,1382.761987,40108.89195,,8026.022726,6706.026132,4735.561665,5494.264124,2528.579021,2501.200047,8432.61866,6152.929004,5563.939864,1299.925476,,5079.63062,605.7706676,33711.06071,22591.43719,12545.03363,12672.38851,29019.01542,8538.589555,29648.74394,34268.54217,17704.52647,2245.610806,4769.996524,38677.8681,2417.727402,24744.62833,8784.025564,5730.645952,1511.113817,2025.793924,5495.849442,2995.781848,1649.851541,32867.61618,3866.115788,31803.28709,15927.85268,4988.445474,4427.087478,3165.413244,1672.086737,2189.207608,,1856.170582,4986.783828,9568.63699,3467.604619,27870.97427,,37407.11132,9030.713856,33294.91604,8253.895611,11294.73658,3025.796984,2084.515645,,,3978.909914,2046.655519,5090.418606,11109.25091,11090.53767,10644.12599,,1475.728495,11976.1898,1461.833392,,,,4263.928452,3181.218222,72855.88763,54357.93372,1656.344225,915.7389148,11663.62708,,1460.948094,17262.03467,3398.847542,4569.207654,8676.973886,15550.56012,3179.201045,11158.38141,6825.180241,6799.783012,4486.759773,,4020.046169,,3864.744317,436.7203711,658.1079041,6511.898452,,1697.477442,37405.92997,26479.0419,3309.524337,1070.352817,3253.694421,39625.02871,10013.05355,44517.44955,29761.45028,27906.91829,,5491.036222,3118.139237,,,12181.21663,2898.147236,8475.918795,5128.634375,4018.629808,10714.65962,24930.45063,32298.59718,2256.294479,22791.56492,,10757.39091,17367.64121,1051.322073,15348.82773,12353.69435,6671.578035,3889.497904,,,46498.55805,2422.778635,,15775.67323,1203.078913,40146.35561,,11690.94475,,,2617.056324,,9490.978041,1976.986904,1976.986904,14590.533,28296.25568,4137.053426,2693.843511,2693.843511,2692.12566,1744.033885,13793.65175,32953.61829,54491.90035,2592.323118,1336.380278,8152.500092,,1629.919696,4003.180847,11299.69681,5822.697168,12923.07901,5523.289333,,2719.393262,926.4818825,12962.9357,103470.9246,30074.92008,40666.70058,5848.580362,12190.64869,2886.95148,2854.456012,1847.620493,9623.09619,2045.973499,3303.53163
,2551.342966,2665.864237,3599.027058,8027.376107,3788.509556,15991.91071,9889.760675,17312.03457,2554.172167,38948.31398,31213.07985,38603.25855,4379.814078,33289.7316,47819.42395,1621.326846,12632.18974,7305.342583,35935.26184,6116.260028,2227.3532,65967.85001,3050.140953,4804.539977,,9406.429869,10569.6951,70908.80819,10389.08504,1061.586864,1105.228686,1763.817843,2532.740305,,1974.24059,10905.93161,,1033.830959,12544.05493,901.025651,11977.02559,1949.534268,8764.526634,2966.222955,4858.001224,10988.77545,4027.237551,,,25992.48599,20760.05425,1150.83623,39979.75738,,8168.005422,7068.107888,4802.585089,5704.500983,2752.026559,2722.147212,8406.557672,6203.068196,5808.202703,1395.403468,,5115.216144,661.3124464,33342.06861,22120.66868,11794.95533,11812.29717,28778.66081,8599.272603,29310.30707,33905.88226,17917.21919,2240.453519,3346.568025,38049.08807,2463.626389,24205.90049,8517.895109,5805.709528,1545.648684,2022.608737,5901.427878,2779.603303,1613.420784,33027.61423,4002.9606,33200.2074,15854.16005,5039.690958,4454.689452,3079.219733,1654.296591,2145.954359,,1906.412058,5224.165931,9514.337005,4386.284495,28478.72593,,37065.43412,9787.54316,33015.27657,8164.679512,10292.19832,2942.362971,2076.42515,,,3362.829,2111.549213,5173.559879,11389.31427,11366.10005,10907.35874,,1434.144508,12570.80769,1479.964352,,,,4287.323112,3152.271212,74904.0256,55959.02353,1641.210653,1001.970831,12500.50417,,1468.007276,17856.2692,3560.617694,4714.601337,9010.484481,15575.11806,3354.789309,11135.55291,6839.811839,6813.000354,4516.941454,,3858.773895,,3770.517324,464.018358,689.9086193,6251.824862,,1715.367212,37613.25219,27852.03502,3224.139091,1038.222953,3108.674718,40191.3417,9286.796303,45512.40436,29891.78268,28324.61636,,5540.6147,3086.893478,,,12583.7801,3347.571839,8678.579276,5295.798233,4006.696254,11086.96005,24391.19985,32323.23741,2178.09846,23650.10864,,10936.72938,15870.60588,1033.701525,16213.54237,12283.28895,7119.109796,4009.547426,,,44623.51103,2385.089464,,16407.75153,1224.901717,43630.39715,,11867.83936,,,2645.583346,,9375.049974,2019.004466,2019.004466,15436.38786,27859.54304,4376.128326,2599.164101,2599.164101,2597.359742,1776.869847,12647.8842,32086.01264,53929.85852,2131.990374,1307.670839,8745.552017,,1355.312757,4145.955353,11161.63279,5827.032902,13689.66096,5451.062297,,2805.312351,971.4715961,11112.67765,98978.47461,30749.92476,41238.78261,5953.3317,12422.95869,2757.178524,2793.240906,1957.644497,9631.399604,2133.263601,3280.406846
,2528.416435,2594.500887,3921.851207,7792.084354,3717.365229,16698.14716,9919.717985,18092.02081,2757.23181,39830.51924,32114.83084,39378.70612,3469.770316,33742.4794,46538.77472,1648.734023,12836.38128,6458.186142,36980.73316,6002.809862,2195.822052,65904.72042,3205.291336,4925.107764,1653.422931,9510.116168,10953.12026,71176.34193,10613.94211,1046.609681,1044.716068,1111.166782,2514.811052,,2288.241204,11109.04763,,1053.745934,13056.02264,960.5858162,12382.8833,2178.924057,9100.983493,2730.62804,4464.759276,11198.02715,3922.81724,,,26962.57782,21356.3128,1066.468172,41969.68871,,8144.829448,7122.376245,4871.811204,5975.373549,2991.715038,2959.172678,8571.739211,6321.250708,6002.494904,1572.062326,,5123.078589,659.0914013,34057.84131,21933.67763,10618.9841,10466.95753,29473.75273,8912.173404,30340.82384,34576.54381,18099.39572,2175.50442,3045.042484,38824.28277,2475.02128,24566.70379,8565.27944,5891.327439,1565.266703,2042.459307,6364.831226,2401.826815,1566.837542,33858.13981,3899.714051,34420.24654,16343.76319,5080.725378,4473.880364,3037.808066,1611.327015,2104.103593,,1994.226916,5529.232182,9239.981221,4419.14209,29999.42489,,37855.00774,9826.210789,33250.17851,8164.830487,9126.25583,2928.586997,2085.859957,,,2688.351778,2227.943118,5256.235838,11784.01519,11758.27974,11287.41947,,1403.590226,12961.87854,1535.528093,,,,4300.777385,3145.399746,76714.1769,57163.54759,1591.419765,896.104051,13315.42234,,1483.067953,18689.72743,3740.921477,4454.838908,9252.715908,16067.14605,3269.85575,11106.34638,6803.684308,6775.563379,4536.892437,,3911.273193,,4101.798323,475.2497233,733.0661208,6213.231029,,1807.697207,38494.21785,28891.04395,3261.219009,1021.952575,2977.090165,41305.92198,9134.158499,47541.78149,30562.77857,28377.35413,,5707.803742,3115.102968,,3951.205493,12679.48582,3464.84846,8923.495232,5837.089956,4085.14541,11649.16378,24560.35706,32986.14231,2117.700805,24412.27581,,11383.29221,13880.46518,542.6598412,16877.45698,12335.30474,7025.26822,3871.205958,,,43761.31812,2317.935828,,15848.53641,1206.394642,46975.5644,,12554.73158,,,2779.921003,,9453.161454,2095.499401,2095.499401,16698.27616,28388.01265,4577.861431,2556.622456,2556.622456,2554.886534,1748.300773,12865.37686,33110.82558,54181.00257,1652.512007,1286.488715,9358.708398,,1523.740184,4342.967427,11505.002,5896.940388,12844.20684,4393.759504,,3072.077224,1001.43043,8606.613502,100213.1562,31851.37706,42377.35551,6013.908681,13230.03194,2562.993905,2965.504032,2091.599345,9753.310591,1902.392868,3529.592419
,2570.462183,2582.238115,4471.87107,7935.179014,4139.64077,15628.08501,9875.713028,17362.5218,3008.233321,39004.78461,32946.90067,40367.47105,3025.293877,34675.67507,47157.21676,1696.567825,13042.61573,5805.266913,37783.41856,5887.279538,2253.119526,68313.38185,3414.550755,5050.313794,2053.398274,9935.453585,11254.26318,72446.90163,10965.70807,1076.468663,947.8222094,1182.447549,2531.468262,,2546.601186,11327.20386,,1098.894561,13818.68119,940.6824244,13287.86752,2391.477116,9400.309197,2751.164083,4513.768788,11378.00017,4064.93372,15002.64875,,28692.37252,22758.59681,1039.752865,43015.67751,,8384.488924,7396.841992,4928.347498,6284.255083,3234.962395,3199.751776,8575.674915,6483.315621,6212.227536,1781.264878,12738.03974,5258.970184,676.5866588,34799.01435,22252.50746,10484.81796,10236.85306,30240.83354,9019.28071,31499.80578,35177.65894,18514.56798,2127.874727,3243.846213,39308.08842,2508.290745,24965.62407,8665.594068,6033.042695,1594.929221,2088.255302,6663.981978,2591.089803,1598.66208,34564.43327,4024.992122,34546.41403,16610.3165,5192.950295,4561.313036,3032.951791,1646.664547,2123.671049,33666.21153,2104.505298,5892.071754,9319.96827,4376.20908,32721.50384,28338.15215,38947.20131,9959.226826,34081.89842,8333.854347,8552.451997,2967.578377,2057.732142,,63724.70575,2517.28445,2330.157645,5448.916345,11673.69339,11635.21011,11140.30714,9506.29731,1446.663761,13308.87993,1554.922382,,,10640.36003,4379.435847,3221.878777,76727.44884,57866.7272,1569.037219,1035.521921,14260.09617,10598.00051,1457.571996,19737.04595,4028.916471,4769.418474,9566.824921,14808.80712,3450.245515,11077.82903,6846.303781,6818.242579,4623.642015,5696.158359,4128.912015,,3820.536759,469.189504,774.7462657,6312.565115,,1824.002826,39498.13682,29815.78619,3384.841404,1011.541134,2901.768227,41919.39009,9025.296572,49260.98483,31123.01508,29040.37523,,5833.767284,3179.50713,,4047.128488,12639.99464,3271.671293,9311.339288,6154.167419,4178.032297,12459.66635,25523.70602,33653.433,2126.865948,25288.10622,,12117.36196,13308.20491,746.3497122,17591.97476,12397.90269,7572.017503,4096.505404,,,42855.78584,2380.247333,7752.188074,15488.29749,1111.388691,48851.44475,,13249.53762,21483.69909,11525.21623,2975.278358,,9541.174288,2193.861333,2193.861333,18120.4939,29042.34414,4790.348767,2576.741589,2576.741589,2575.076724,1804.74693,12668.77885,34233.70278,54078.95231,1425.83049,1294.011386,10017.93367,,1602.199988,4652.093036,11898.83315,5931.455706,13637.61761,3987.545637,,2906.096225,1082.927784,7616.545726,101570.9921,32571.46779,42999.78871,6123.517117,12944.99585,2494.445713,2923.44045,2252.633856,9911.465984,1908.698795,3489.017804
,2642.467351,2633.380971,4909.228105,8116.959947,4551.650381,16303.17628,10095.80081,18104.69781,3234.069621,38097.98348,33778.06354,41260.1714,3033.830388,35656.48521,47825.87425,1735.922008,13505.79813,5987.785689,38207.97913,5784.218267,2277.761816,69643.40752,3559.029162,5164.250073,3946.668743,10266.24833,11321.38987,72695.15211,11588.8398,1162.451422,861.4828791,1214.926365,2571.744547,,2769.275079,11600.30059,,1027.650038,14475.54709,929.5803706,13990.9264,2601.363426,9424.096947,2642.093769,4575.149687,11255.97406,4240.163679,16108.026,,28591.26473,23756.97839,1000.689174,44013.38559,,8665.722436,7707.395196,5119.82853,6595.959664,3474.264643,3436.48236,8539.337989,6671.089393,6195.504554,2857.502271,13565.45742,5353.189064,736.9477942,35306.00505,22548.41638,10504.89751,10172.48031,30801.36382,9344.222531,32548.01516,35548.62852,18703.16665,2108.828492,3740.485453,39510.30388,2556.355029,25567.25646,8985.947967,6064.020818,1622.749207,2284.369157,7198.835867,2649.525671,1634.789053,35390.59284,3984.568827,34453.83658,16652.58523,5383.746011,4716.183684,3092.977516,1685.579877,2169.661132,35014.23134,2220.893203,6258.436533,9670.2045,4710.353103,34856.46939,28986.204,39429.49556,9850.988347,35058.80366,8248.917899,8726.538477,3001.868379,2061.102071,,63284.69581,2656.01772,2438.904044,5633.082874,11954.18586,11914.89811,11397.3256,9861.003287,1490.679773,14473.38323,1611.650905,,,11274.64011,4525.472325,3336.243518,76741.05908,56472.99029,1553.5749,1091.511334,15290.91444,11208.83899,1520.456928,20348.54774,3608.883906,4920.880763,9998.617114,15559.97637,3316.51308,11364.20646,7111.870011,7078.930455,4782.009054,5372.138502,4187.388444,,4231.492166,506.1518205,814.4463403,6374.949609,,1876.464286,40691.89032,30409.09066,3531.727044,977.9036945,2949.200357,43002.54194,9103.878091,51476.21521,31883.20712,29491.63777,,5965.192912,3240.088797,,3916.925775,12889.27081,3440.330057,9243.474955,6210.222642,4322.085078,13211.56797,26318.97513,34415.359,2185.861323,25584.55937,,12627.2027,12827.11625,816.7606261,18446.67623,12591.69123,7673.799557,4361.991269,,,43073.13082,2367.648145,8245.97008,16013.26099,1128.597284,50410.28181,,14096.77228,22185.69296,11809.79472,2939.337979,,9761.738955,2295.83075,2295.83075,19364.94137,29691.0968,4938.710274,2640.360376,2640.360376,2638.656357,1861.146769,12614.01486,34719.11075,54106.57086,1170.149174,1317.559858,10467.45461,,1694.648022,4721.574789,12713.82418,6257.986611,14413.16073,4175.819837,,2727.280272,1146.373034,6915.978305,102211.6388,33298.12816,44105.82746,6341.756485,13569.80902,2488.790383,2929.461465,2425.526393,10139.76013,1974.61507,3806.967546
,2659.714031,2661.791152,4400.577827,8074.759681,4728.156924,16828.09094,10265.92167,19347.53704,3378.944431,39714.09338,34727.19978,42076.28765,3178.977396,37659.5017,47957.06856,1775.964118,14086.06561,6698.744568,39561.60724,5775.303622,2336.545872,72403.88044,3680.665341,5312.081015,5344.156967,10863.27081,11524.11107,69939.97718,10004.78104,1201.950978,839.1968453,1228.299632,2635.78983,34034.45518,3010.835457,11934.19072,,1055.257751,14765.11072,949.080824,14828.01638,2812.711135,9580.086741,2675.582616,4417.382262,11595.93704,4263.548765,17190.92107,,28933.28046,23659.32079,921.422433,45260.13712,,8897.898208,8255.564811,5248.251374,6813.154691,3658.531583,3618.833637,8723.829028,6897.521242,6327.075635,6868.493172,15511.24418,5416.683981,737.3295543,36185.95946,23167.8398,10759.98955,10360.16254,31546.32145,9042.425594,34506.77188,36250.68896,19284.53018,2145.030905,4268.695273,40159.59024,2597.224229,26582.29752,9384.236198,6181.172343,1662.661984,2386.301545,7672.270536,2672.594015,1654.350969,36395.78423,4049.974599,35910.65653,17210.63493,5564.731957,4855.87115,3072.820241,1714.623133,2180.276397,36732.93556,2268.043087,6458.072609,9588.880812,5535.865235,38309.57756,29366.77208,40129.90188,9643.351424,35351.71884,8318.497071,9016.003247,2931.409774,2061.900589,,61687.58904,2877.098569,2555.35158,5848.724343,12395.2645,12351.12832,11804.40272,10842.58079,1519.129564,14435.12418,1642.669897,,,12302.1012,4655.278185,3385.816148,80112.22614,55196.06411,1560.973844,1106.18365,15995.71949,11935.64087,1553.333841,21256.78678,3380.951753,4604.133989,10435.79837,16368.09277,3110.848423,11497.76678,7203.873851,7173.553629,4923.852583,5480.854333,4314.847331,12579.27318,4108.999419,548.3477952,849.4867521,6508.397856,,1928.046702,42235.48907,30627.80462,3606.342307,958.5441999,2961.198469,44386.74443,9188.10895,53903.45457,32806.4428,31088.83577,,5797.068588,3180.351108,,4294.746098,13445.01834,3225.656973,9422.683275,6492.549137,4444.786492,14054.38753,27354.83681,35366.58135,2242.030811,26584.89999,,12049.54221,13028.20833,870.9596778,19528.44988,12331.70414,7949.256145,4367.094732,63990.01341,,42710.91058,2381.506898,8865.067803,17719.5408,1056.722487,52801.49945,,14904.5805,23337.38167,12234.60342,2832.054982,,9841.63101,2334.911944,2334.911944,20367.97364,30661.65483,5225.577743,2662.134448,2662.134448,2660.240835,2002.985,13158.10333,35764.68476,55201.20477,1172.374276,1331.37312,10059.37681,,1879.039602,4761.830329,13645.40748,6508.733502,15261.53695,3642.188939,,2996.558386,1170.19996,6769.916115,105108.9963,34864.89683,45516.00233,6597.548101,14627.12829,2569.310381,3017.052522,2587.055215,10385.44674,1994.849295,3871.434059
,2637.930638,2685.41791,4819.387534,8360.151446,4792.684163,17260.30157,10573.34086,19866.24505,3654.052968,39655.92002,35940.01714,43535.42175,3463.84201,35562.87175,48717.18204,1829.503806,14548.81834,7296.054591,40251.68981,5765.647832,2358.280127,74677.09242,3810.859781,5469.469741,6180.710585,10666.32689,11387.62356,67986.13835,10503.37004,1254.137139,870.0438005,1252.339639,2683.497693,34697.09058,3319.835076,11989.65994,,1078.453826,15172.31014,980.2344499,15271.47191,3004.427342,9473.818705,2639.297729,4451.501618,12148.19686,4342.125774,17595.53011,,30327.21182,23597.30618,885.7858948,46096.36972,,9287.53573,8670.437846,5254.915851,6728.230794,3640.163909,3600.77285,8826.386999,7138.212201,6437.340687,8165.994032,16339.12305,5464.120952,691.2163745,37208.41367,23634.41431,10653.36994,10173.22653,32440.7637,9075.125676,36293.39156,37413.43936,19465.24528,2152.681998,4511.488803,40962.17376,2652.913304,27465.01574,10440.33924,6338.338075,1679.691842,1683.250217,7585.446639,2682.813535,1664.919221,37178.99231,4077.550306,33517.19239,17923.50523,5597.932926,4878.358669,3078.020727,1736.537578,2195.954748,39017.43768,2364.408687,5531.303282,9669.400579,7237.71998,41220.78455,29845.89164,40844.74561,9328.114832,34857.95837,8403.646423,8998.901209,2944.299056,2160.200483,,59725.79553,2893.417535,2608.043802,5899.643973,12538.86176,12485.46016,11923.99023,11639.31996,1537.631189,14822.11284,1643.321113,,,13317.90773,4672.184114,3366.917827,83904.5498,51609.96763,1571.629112,1117.96688,14448.7411,12609.89473,1628.014338,22201.55899,3359.707758,4613.263511,10953.67688,16954.32961,3207.418526,11800.25714,7518.924843,7490.608218,4945.925185,5124.354896,4421.248939,13236.00573,4349.61545,587.8637206,887.804748,6592.160687,,1945.451034,43933.56811,30599.32319,3676.993351,1017.398913,2962.892112,45797.54086,9439.710466,54989.71982,33524.04594,31880.54944,,5813.583756,3169.890225,,4786.480236,14142.62688,3028.928896,9226.506369,6354.433331,4322.029141,14701.34311,28525.51743,36142.3841,2333.438203,27894.44209,,11829.41829,12358.15241,874.1888814,19267.94798,12926.80417,8281.150757,4442.961848,68029.67605,,43111.0823,2463.460876,9196.049821,18836.57432,1064.246464,49917.37396,,15491.31442,24155.32932,12423.86047,2790.237907,,9733.517153,2416.349932,2416.349932,19184.22375,31876.43959,5443.484129,2658.714898,2658.714898,2656.692006,2033.097555,13294.67535,37286.09539,56724.50517,1216.431915,1349.205954,9180.019523,,1777.764199,4858.046313,14732.27521,6737.80673,15384.55395,3849.210841,,3459.577969,1192.608811,6700.900302,100100.4357,36052.39529,47004.61413,6679.071571,15191.04743,2637.004996,2999.906925,2701.770508,10497.32268,1933.003767,3951.319481
,2640.336494,2658.745063,5475.169135,8506.345679,4740.669236,17551.46677,10550.84584,18981.16838,3798.67375,39367.02385,37334.47523,44996.0546,3687.661015,39430.77388,48988.57018,1876.599044,14537.00203,7575.918326,41582.29254,6042.667614,2411.991564,76772.32385,4018.927489,5386.179218,6757.74503,11447.33358,11272.7068,68540.82093,9687.746342,1309.40259,850.0469311,1377.498652,2726.667906,35782.69026,3622.653754,12439.85925,,1091.360827,15464.11623,939.2729204,15022.91552,3206.730026,8927.730067,2621.566381,4212.698135,12394.54799,4290.396128,17504.17545,,31488.62286,23948.38503,828.2092557,47298.53735,,9367.805224,9043.597783,5292.766253,6935.750584,3809.733457,3768.600081,8243.411048,7422.835299,6523.458846,9851.275584,16225.35303,5545.102739,706.1643402,38202.84336,24277.68557,10920.67151,10403.65107,33313.01143,9798.37655,37795.05776,38494.94682,17297.80601,2220.519642,4737.405516,41708.27027,2702.623348,28200.55616,11116.31436,6428.047976,1701.729752,1667.63153,7852.72126,2707.698156,1672.006334,38183.14097,3935.731228,34030.77053,18526.34502,5737.521841,4985.405953,3073.574339,1767.367524,2213.319432,40103.86599,2527.508347,5497.814735,9634.899825,8253.597484,45040.99812,29994.60008,41501.78837,9340.620544,34706.70465,8536.919795,9330.564789,2930.014027,2090.794686,,55034.994,2954.954122,2750.092481,6110.247258,12418.30151,12347.45292,11798.70399,12056.09251,1565.872843,14530.79101,1632.988553,,16402.96086,13259.61695,4776.469219,3453.657424,89799.41699,49336.37475,1594.476261,1119.929153,14965.6177,13140.12417,1675.170423,23112.03781,3313.458985,4660.670604,11097.6902,17165.89218,3264.68726,11786.3063,7702.839518,7675.387729,5061.782252,4959.535128,4517.566857,12024.68962,4341.829861,640.252516,972.8219414,6689.771244,,1992.233738,45839.13146,32098.14628,3872.306566,979.4806176,2906.723968,47415.6957,9789.259331,55713.7732,34352.9733,31943.12339,,6099.580497,3196.279545,,5052.064072,14405.38581,3012.594403,8911.164793,6345.500534,4358.689409,15386.94263,29472.70988,37197.93678,2370.739754,29251.03732,,11803.37576,13189.79376,846.7526539,19707.35185,13103.75976,8509.068057,4520.001593,73393.25415,,40643.83712,2557.792835,8359.604394,18815.96028,1024.2721,52354.58158,,15459.12234,25425.28451,12624.01333,2701.373969,,9819.589496,2552.061634,2552.061634,21232.60976,33173.1172,5647.558328,2649.371535,2649.371535,2647.363362,2039.363767,12952.44609,38839.42627,57440.05357,1242.415201,1382.106168,9489.818324,,1765.477938,5015.63144,15886.45996,7068.657756,14653.69744,4431.460059,,3401.103914,1251.514366,6750.840855,97698.53739,37116.43949,48676.65902,6842.06378,14820.1233,2720.90867,2955.689882,2797.785536,10720.04843,1968.21522,3893.930562
,2654.7679,2676.806408,5893.136233,8710.455149,4727.966314,18313.34971,10994.08909,18625.28355,4048.249904,41499.63854,38343.00215,46403.2777,4063.471641,40518.17951,49406.29103,1937.729192,15124.43624,8053.173638,43023.30716,6599.339352,2478.218238,83181.52634,4061.499026,5415.52606,7114.552765,11439.9084,11600.94846,69022.88016,10201.27812,1296.74796,828.00046,1481.656828,2750.511165,37194.3956,4065.479414,12775.56421,,1040.103835,16165.1095,897.3470374,15638.00094,3451.679231,9042.662791,2833.591016,4402.901455,12624.07057,4093.874782,18183.58811,29669.86461,33013.98251,24976.50632,751.5577568,48907.0114,,9611.53337,9322.139196,5429.539409,7267.7532,4046.572257,4002.942645,8176.344448,7744.715238,6548.63137,11176.51896,17778.96558,5579.136559,727.7666847,39554.48441,25379.46862,11741.91459,11227.21615,34573.79672,9575.878839,39894.19446,39732.28245,16567.24561,2270.486495,4919.23188,42864.93289,2734.806763,29186.32455,11613.41539,6499.883286,1704.956378,1722.757481,7776.308557,2684.551926,1668.867452,39535.76392,4108.774977,36317.1207,19406.52134,5998.384795,5190.058158,3111.306243,1794.10102,2243.557396,41530.51732,2578.59153,5689.260223,10066.80278,9364.596705,48628.45114,31416.93851,43053.93306,9344.534643,35611.80391,8741.72741,10275.76187,2867.746708,2183.675029,4715.361356,54984.95235,3078.909252,2861.27184,6486.409323,12676.29633,12599.77115,12038.43559,12863.30935,1592.987844,14361.68302,1685.367014,1699.020836,16746.27387,13846.68329,4973.842308,3545.61416,95901.0204,51027.30499,1614.382282,1107.537894,15917.05717,13358.58716,1627.732318,27482.86907,3336.09316,4361.213513,11890.58865,17756.56647,3434.098093,12313.1173,8037.861735,8000.407505,5278.979303,5074.377064,4528.955946,12418.99354,4370.799491,630.7016136,1093.788207,6804.866743,,2077.652056,47422.2034,32837.09789,3968.892933,933.3463759,2977.041475,48863.38551,10182.12607,57127.39975,35511.28732,33839.52054,13747.86074,5941.170132,3245.378342,13586.80504,4503.248849,14507.79597,2871.416377,8530.20799,6422.480568,4453.756672,16257.64588,30383.13782,38507.83492,2426.05176,30124.69312,86566.30285,12109.5524,14569.93658,867.6151907,21459.73563,12963.85387,8646.608816,4809.239885,74121.58852,,41955.20779,2595.109288,8900.593928,18931.15063,1063.297198,56106.73202,,15660.64385,26281.06845,13014.29749,2253.610862,,10088.85225,2607.035311,2607.035311,22963.63854,34757.61502,5949.970029,2665.293404,2665.293404,2663.307993,2109.560575,13068.20615,40625.36205,59389.42406,1324.90986,1409.453964,9809.62237,2328.304667,1700.441397,5034.415166,16939.52547,7329.345126,15433.58712,4622.078757,,3350.879385,1252.752131,7221.465608,102494.7146,38280.80027,50124.89118,7215.470689,14482.75455,2786.430374,3068.095866,2954.982905,11079.90924,1990.858991,3756.139483
,2678.706201,2748.431902,6441.853452,8855.020186,4766.836736,17207.65121,10941.58689,17610.75539,4464.385831,39388.35263,38559.90419,46811.74677,4431.289873,40953.48395,48245.77548,1998.06632,14713.40354,8477.084011,43347.0502,6698.177474,2532.634052,88231.78386,4308.525604,5402.759484,7419.013414,11253.94305,11602.4996,69483.90486,10803.61929,1343.543543,826.0289412,1570.073871,2795.872001,37309.6498,4084.44402,12964.81736,,1062.722306,16789.26037,964.7374808,15973.61997,3712.338132,9051.414235,2829.083472,4441.777721,12832.57368,4001.956311,19455.78157,30562.31835,33950.95983,25833.41467,715.6779282,49133.2231,,9602.501686,9410.032484,5415.140251,7467.982354,4265.685815,4219.717066,8350.885328,7867.50744,6562.536213,17523.54516,18962.47685,5592.506037,765.8093799,40285.925,25975.72138,12118.47881,11612.8452,35309.06496,9732.451284,40842.34177,40226.62707,16522.19736,2327.354359,5236.222806,43512.43267,2775.374989,30234.59596,11333.73614,6493.60647,1730.302117,1723.453049,7969.708746,2630.510953,1689.311258,39878.19588,4109.769697,36252.66089,20243.54225,6138.949269,5302.177352,3167.826946,1839.806894,2292.081682,42626.92307,2656.655208,5816.425412,10026.58229,9249.828765,50401.8203,30715.58046,43869.42794,9399.37062,35670.45493,9035.144645,11682.84179,2896.051629,2115.495599,5983.217361,53578.81991,3212.133547,2977.796986,6760.18082,12550.34294,12456.14911,11891.4053,13854.40956,1637.223739,14359.25335,1742.878061,1686.19529,16193.08719,14872.37909,5084.271657,3629.985747,97165.58374,51283.51623,1658.935602,1026.362084,15652.01445,12521.94706,1823.840688,26956.79201,3518.274389,4210.778356,12191.92742,17438.20852,3516.229126,12247.54745,8093.849714,8049.609411,5401.27569,5395.967328,4619.946679,12505.16539,4634.192774,687.1494257,1204.833433,6775.221614,,2141.067035,48160.78437,33775.23266,4026.001837,965.4172116,3075.003131,48876.24588,9831.061406,58018.32946,35734.91349,34940.72902,14110.52263,5962.687387,3277.051278,14248.50218,3980.933349,14311.02288,2806.953519,8295.067442,6380.337664,4492.721424,16466.786,30756.01895,38962.68219,2466.689938,31958.09675,86643.64357,12920.48961,15378.08974,907.2139028,22324.2828,12407.49117,8785.824912,5115.426532,77249.23541,2589.163857,40393.97196,2642.686144,9529.216827,18485.01664,960.3215051,54029.73472,,16199.82774,27083.72474,13319.26449,2018.940939,,10224.02333,2673.924962,2673.924962,23893.89701,35874.75293,5816.473939,2708.660811,2708.660811,2706.784937,2185.040501,13456.20575,41103.72646,59944.77692,1428.368475,1456.566719,10053.8154,2658.285844,1667.653809,5195.572611,17583.65372,7541.120597,14330.41814,4772.176619,,3374.734828,1277.773766,7969.421028,98621.53638,39174.89002,50126.72022,7398.25586,13901.99391,2865.940295,2897.359191,3105.643482,11191.49454,2042.537498,3796.657107
1189.784668,2707.908666,2929.127354,6754.536003,9232.427523,5240.839433,17143.32603,10760.85689,15523.03878,5081.518558,37256.65972,39616.3361,47351.3347,4813.504185,41372.2371,47311.74551,2037.23631,14778.87225,8961.64112,43889.74859,6819.48232,2570.787304,86364.15374,4686.010847,5434.083847,7804.168718,11727.1837,11800.84097,70771.59882,11697.95364,1362.280175,839.7779004,1642.608037,2837.960712,38169.10636,4228.513083,13342.29015,,1077.954127,17519.44206,1007.06275,16293.18583,4024.355697,9137.464303,2825.800985,4515.569101,13054.71918,3848.776086,20548.41066,30646.14873,34813.67667,26289.62614,715.4543989,49204.89901,,9308.363873,9690.598875,5446.865843,7773.443042,4548.980475,4499.95877,8541.672307,7905.41252,6626.992996,20084.34301,20381.07158,5806.266934,755.4346892,40489.24898,26473.81401,12736.90051,12252.72833,35673.06287,10027.45488,41439.01923,40388.62565,16093.40514,2180.852504,5572.622006,43353.33889,2830.154209,31305.69367,11678.74401,6589.737074,1783.849996,1669.270256,8064.488517,2610.753854,1695.463904,40247.75817,4154.925357,36690.39896,21263.80884,6341.58125,5464.481281,3288.886257,1862.831121,2350.171367,42484.51611,2711.511846,5996.189946,10623.62769,8244.986668,52483.48238,30117.88148,43915.38534,9522.531756,35629.59859,9377.645373,12827.23108,2833.968517,2158.802574,5937.243587,54322.97453,3182.232895,3106.008562,7102.482883,12450.70579,12352.14021,11786.38543,15009.05998,1675.698871,14171.82956,1760.601425,1708.693591,15783.09818,16004.4389,5243.604258,3732.605342,99825.46358,54498.79739,1409.395419,1018.711201,16155.60162,13072.483,1824.60115,27442.95108,3583.208611,4152.63783,12303.10685,17193.56108,3540.18659,12204.42646,8209.142385,8156.63,5578.088561,5830.339126,4791.737889,12692.28897,4721.948695,729.2899769,1336.222998,6992.865316,,2110.823497,47958.33197,34745.16533,3998.877512,976.4544502,3458.070666,49320.98939,9948.266898,58540.86364,36054.16629,33965.5277,14514.45464,6045.080266,3279.030977,14569.16529,3395.855028,14353.37032,2745.514416,8138.104853,6653.395098,4562.761382,16809.8182,30823.84904,39403.66816,2526.968426,32209.42298,89119.38417,13909.66542,16175.0972,1003.021143,22346.04377,12364.73673,9323.739689,5306.899332,76507.47394,2602.347064,38170.22343,2580.8321,10146.56493,18145.85197,1162.256817,55634.71939,,16936.50563,27998.45536,13699.83873,1910.717968,,10469.18908,2720.688002,2720.688002,25591.39905,36337.5552,5999.25704,2799.548819,2799.548819,2797.717311,2261.473489,13670.79148,41870.25916,59489.74806,1555.95059,1518.094426,10583.76186,2422.411912,1686.668345,5417.693137,18896.25443,7580.986503,15031.22298,4736.780784,,3597.225859,1346.392428,8467.795992,95909.14536,39859.31381,50528.78858,7678.278496,12824.87321,2943.572386,2679.920368,3269.875375,11350.05899,2080.19569,3450.189031
1235.810063,2718.734747,3013.996206,7154.784825,9771.684856,5218.207712,17952.77914,11033.22856,16714.67013,5823.716093,37200.05885,40298.88605,47564.8639,5264.840526,40135.99655,47476.98335,2097.168748,15050.40346,9660.193688,44160.05668,7261.137764,2579.697807,88727.31127,4957.529129,5479.266911,8110.316438,12059.20879,11786.33375,71483.1809,12398.43536,1426.616712,804.8842137,1752.041276,2889.281185,39268.21243,4336.865171,14040.23659,,998.9999451,18280.13455,1111.604592,16782.93882,4400.825183,9356.209684,2817.312764,4423.297962,13411.8483,3717.052553,21700.29874,30107.17996,35295.36498,27239.55944,732.5366287,49262.64497,,9862.737606,9424.795253,5662.716435,8136.231822,4891.886261,4839.168362,8625.792511,8007.645029,6694.662204,21944.50566,22061.27182,6009.495427,718.3330239,40577.49113,27053.55706,13546.30399,13079.27973,35933.64156,10117.54055,42168.69347,40433.49004,16060.68758,2257.277835,6230.821909,43025.98773,2905.016415,33040.7683,12738.90571,6612.669877,1771.660089,1641.028914,8009.706494,2654.205006,1719.116547,40941.9458,4235.623137,37886.46653,22195.81946,6644.174118,5705.404591,3377.011939,1913.605757,2413.156369,43095.35686,2876.743382,6198.653268,11407.06163,5077.409085,53184.88322,29911.38638,43781.21998,9811.195229,36096.77438,9558.458475,13973.07774,2839.094576,2164.140821,6288.029282,63008.62758,3370.430199,3245.185009,7531.117596,12598.34725,12502.1733,11920.39496,16433.03952,1723.227273,13941.86675,1851.348747,1173.307339,17553.5532,17839.78274,5478.414266,3905.037679,100226.5215,59342.65608,1501.274317,1051.124346,16751.40714,14452.56882,1930.207369,28373.75733,3452.975791,4317.486206,12938.15268,17205.98656,3600.046998,12604.37234,8264.785376,8215.597218,5836.171506,6232.667048,5074.412323,12955.57958,4944.388387,756.5942823,1507.095302,7182.307342,,2163.018278,47806.88443,35616.11471,4043.289037,961.5236746,3619.140208,50331.3739,10147.11127,58728.17524,36556.04499,32348.33497,14939.66277,6083.800282,3388.17669,13972.78615,3774.132393,14677.99624,2748.701105,8337.472158,6861.830619,4697.48565,17409.63901,30422.60203,40046.87613,2446.838418,32206.46489,86886.94858,14338.35628,17434.80814,1009.526029,21194.45942,12800.65278,10019.65076,5513.06118,78396.54332,2718.922657,41229.81259,2658.561798,10614.32825,17271.91556,1213.020006,59022.10295,,17879.62275,28809.90583,14162.97219,1982.681387,,10646.83151,2867.970761,2867.970761,26260.36841,36750.44185,6302.215947,2840.573863,2840.573863,2838.917805,2369.23617,14361.9927,42678.28414,59022.35241,1696.824862,1574.777606,11260.15811,2308.475006,1754.905804,5511.123926,21518.01047,7878.397545,15670.41763,4843.567087,,3430.465305,1388.672609,9349.134688,97795.0272,40992.07204,51529.7264,8054.228379,12937.42687,3032.666318,2724.144437,3462.880228,11627.1463,2168.333196,2857.152336
1200.278013,2797.851356,3159.385466,7580.629091,10058.43902,5593.243624,18743.28685,11727.72782,18032.61143,6472.141999,39440.66786,41449.84195,48563.58866,5701.903264,39757.66809,47661.39407,2171.688675,15210.07184,10839.95627,45539.58546,7413.90026,2614.212455,90195.81156,5165.173469,5605.201882,8600.436703,12167.01508,12316.37426,70616.62004,13297.11352,1447.503656,817.4611585,1902.096703,3003.250985,40426.23133,4709.03724,14515.29831,,1037.84467,19426.27786,1430.368325,17807.17013,4817.211845,9716.499107,2804.003873,4442.063455,13802.72868,3685.179703,22595.54833,29653.96471,36576.87309,28542.25482,757.6860992,50446.5416,,10122.46625,9533.318944,5926.098015,8588.910942,5272.014323,5215.206965,9178.418076,8184.065808,6720.966498,29004.18672,23695.49293,6206.091798,793.0937535,41289.81946,28018.60973,14625.84398,14181.11013,36789.13389,10630.50514,43724.96612,41272.63238,15767.17937,2341.173183,6632.814265,43541.03262,2992.416464,34627.18067,12614.82416,6676.704533,1778.051585,1647.578063,8128.435809,2578.886534,1761.218133,42090.77525,4390.473342,40862.67237,23317.86912,7069.116819,6048.769678,3546.049567,1979.244425,2514.743782,46051.74389,3054.918876,6423.720714,11764.09684,7589.725334,55763.26049,30621.96294,44118.03664,9884.23511,36880.1788,10105.46052,15208.44025,2903.916666,2089.876302,6447.904858,68233.86567,3563.875363,3399.34983,8079.977997,13121.74296,13011.10241,12398.40692,18025.7035,1793.033613,14283.96284,1894.320351,1181.545028,18048.94251,19226.46927,5812.093818,4099.356663,102381.313,73322.64464,1533.699088,1080.928726,17538.4857,14901.98268,1899.082029,28223.36255,3421.063837,4395.523479,13413.99326,17635.24685,3498.257303,13317.71301,8723.680487,8677.180094,6201.100851,6710.469121,5551.460475,13505.04601,5120.825944,792.7272742,1696.881586,7942.557255,5575.512171,2234.154768,48586.70462,36504.19746,4200.283123,929.8840614,3854.008064,51765.92734,10602.71507,60699.58545,37509.82721,31971.00711,15948.73539,6285.72961,3560.811841,14615.159,4485.525458,15491.00201,2765.346691,8528.03793,7136.351561,4908.058738,18287.82793,30892.81988,41148.01036,2650.969684,35016.93833,93748.55013,15924.05133,18765.51856,1069.297799,21768.34215,13621.38388,10417.05926,5731.997518,80883.7019,2761.949328,43210.24996,2712.877539,11599.64443,16841.84349,1237.629333,64011.42551,,18827.29975,30046.52932,15008.66183,2061.38887,,10997.01091,3031.556986,3031.556986,27515.95177,37249.77351,6589.463508,2946.794079,2946.794079,2945.249505,2393.418435,15401.51877,44354.39106,60271.93241,1837.65117,1645.83994,11886.32462,2258.617351,1694.145887,5344.832174,23110.7517,8305.377995,16968.87361,5034.24789,,3333.683127,1436.709626,10561.00953,97757.85515,41691.3885,52994.55196,8637.835327,13593.73217,3221.189333,2761.115983,3689.732511,12065.9788,2261.766733,2682.783
1286.793659,2901.690263,3254.022839,8040.878717,10504.85847,6210.222188,19683.54108,12083.42953,19426.44014,7419.87119,39407.19097,42217.13635,49316.2647,7222.036075,40353.97519,47493.1484,2279.531274,15752.36013,11940.1866,46341.28964,7363.870636,2581.642252,91114.07699,5456.70775,5749.531649,9350.944042,12484.23043,12565.94139,69787.8222,14356.01968,1527.022159,798.704827,2120.551717,2982.025081,42046.86958,4964.79746,14913.2045,,1026.913908,20447.07908,1618.136616,18634.62644,5334.646639,10049.12618,2815.702121,4638.193948,14149.51924,3670.180922,23538.75443,29102.86384,37803.57553,30384.44665,778.9680436,51483.27379,,10160.99441,10291.30322,6185.957036,9071.041777,5716.92935,5655.394659,9503.69469,8397.032444,6870.629839,32390.20744,26093.15911,6551.010153,862.3553419,41785.78421,28841.19423,15567.04837,15151.1991,37422.08817,10656.16323,44786.90966,41643.98889,15761.14848,2216.186062,7315.19848,43884.53528,3090.187438,34732.64407,14246.99272,6753.682536,1794.383162,1677.708689,7965.378044,2629.111261,1813.834043,43051.80206,4546.240635,43690.39051,24355.78192,7477.353539,6376.316088,3671.818431,2060.597092,2610.611385,48104.65181,3245.299885,6699.272091,11998.21486,7542.222334,57691.56165,31239.00686,44260.82742,9918.047656,37489.85337,10577.29139,16536.01541,2992.340779,2150.095083,6832.280489,73155.71221,3517.720509,3584.320291,8625.257018,13470.55677,13368.97837,12728.91646,20175.8162,1888.873214,14263.71494,1969.63972,1212.07045,19883.48291,21053.1846,6131.937961,4282.774266,104025.4159,77395.49857,1559.874721,1087.606464,18114.14411,12607.72396,1958.818731,28992.92455,3452.085486,4638.00598,13571.8356,17788.58912,3586.133831,13688.8486,8938.200447,8893.355514,6550.896251,7231.328422,5883.360057,14048.84044,5227.562631,821.3458142,1911.95597,8014.973858,5608.349266,2282.685054,49467.43543,37293.21377,4320.750321,961.5398882,3997.439751,53149.86483,11086.15675,61870.38379,38336.9051,31909.50274,16499.15577,6317.37842,3706.824023,15253.03531,4866.028474,16301.51593,2877.115646,8570.094465,7519.029069,5054.238933,18937.47515,31076.64412,42093.45036,2735.676573,34370.71461,87721.94941,16770.6545,20042.8135,1148.446372,23617.31059,13433.74815,10666.73856,5932.875631,81766.00414,2887.700597,44309.5346,2758.353446,12277.97654,18273.71966,1244.901414,67125.56464,,20072.35,31133.71519,15499.76383,2122.963527,,11434.91524,3206.721212,3206.721212,28640.70624,37963.36584,6944.226768,3047.026322,3047.026322,3045.369678,2501.960461,15908.30078,45440.29675,61613.39105,1924.116904,1719.727757,12304.40208,2272.445056,1573.683752,5312.374152,24424.85791,8523.088777,18251.6691,5629.069839,,3167.250024,1480.052156,10957.55828,90894.89881,42629.94822,54353.06858,9204.957501,14606.46611,3405.216308,2835.927046,3931.765368,12461.04113,2362.902226,2517.672707
1315.789117,3023.417952,3332.798697,8569.191113,10527.42208,6681.101028,21848.88813,12493.245,20777.65271,8464.485726,39504.46873,42761.40561,50767.84844,9605.096108,40596.80092,46910.19114,2399.082227,16612.73457,13214.87158,47211.66396,7519.434956,2606.817449,95615.3607,5761.750141,5920.709776,9856.968882,13256.97431,12922.15548,71843.52336,15449.43509,1574.730122,815.0536287,2313.343033,3002.134719,43358.18239,5291.047556,15824.03496,80513.47821,1055.087334,21853.37142,1572.482178,19603.69783,5979.781712,10586.79488,2821.938477,4844.960884,14976.81578,3646.272188,24708.29929,28829.01689,38930.61305,32352.81297,794.429458,53322.289,,10613.68924,11087.48196,6462.099675,9642.661148,6256.281745,6189.07162,9757.375103,8814.14605,7136.855282,33330.89057,28798.40262,6906.564442,929.6944434,42951.0363,30057.75702,16773.89204,16362.44096,38665.9774,10771.45746,46412.20035,42367.56986,14894.69357,2137.818529,8049.906055,45610.78189,3205.033113,36585.83956,13641.28297,6972.381592,1777.134743,1675.770179,8371.962418,2632.184267,1873.015717,44144.36335,4733.547869,46463.58371,25377.05222,7985.97267,6781.156233,3794.192971,2151.00989,2711.100677,49956.84865,3453.105661,6974.445654,12456.60988,7815.428005,58960.21559,32408.39179,44918.17035,10152.17791,37998.12334,11002.22227,18112.7787,3099.352666,2102.975158,7082.821977,75224.80055,3588.089918,3830.395609,9342.922379,13981.1102,13888.55227,13216.48812,22802.36632,1986.016296,14299.10335,2059.335142,1265.867484,20858.53651,22977.99665,6524.124904,4493.115158,107681.0167,85814.5378,1596.753218,1108.20195,18752.54579,15516.96746,1983.705551,29612.6018,3408.636533,5333.611536,14165.95449,18319.47756,3609.104771,14151.82501,9249.01921,9198.279546,6980.059438,7599.524783,6305.823201,15233.37622,5558.049056,875.9165979,2146.567933,8438.216919,5960.960449,2330.325084,51097.36261,37902.75176,4438.896054,981.1581839,4130.403306,54194.43103,11639.54304,62846.95821,39302.30571,32718.1698,17721.56838,6373.488459,3836.49275,15376.92132,4695.994727,17391.0895,2963.418223,8846.701735,8017.255022,5228.315741,20111.29962,31524.74957,43174.87281,2829.675782,34030.09052,93656.33907,18224.78359,21757.46517,1226.239081,24113.64625,14096.06529,11488.37742,6011.151701,83839.84848,3069.000526,44276.89297,2750.19548,12955.95319,19580.90178,1256.616445,70915.99151,,21776.12924,32817.88811,16590.02337,2174.52641,,11924.07341,3396.210347,3396.210347,29990.522,38858.47107,7419.413868,3151.400352,3151.400352,3149.622613,2678.340892,16635.73976,47292.31369,63686.24824,2019.169538,1781.277619,12837.87792,2133.45476,1572.99505,5262.444451,27522.37037,8887.011978,19277.53069,6174.738028,,3196.308609,1588.775063,11852.65236,86425.89722,43457.70177,55368.35972,9917.470276,15188.64444,3614.577371,3002.859077,4167.107648,12941.18729,2483.207962,2414.767519
1460.825751,3159.880407,3419.859887,9150.518747,10717.78446,7341.865199,23510.70765,12761.30965,22424.11773,9708.415397,40058.31331,44128.72709,52489.75721,11914.99483,40408.38698,47000.31533,2537.111198,16903.87296,14417.35353,48589.46005,7363.423847,2685.130261,98257.9927,6743.046532,6085.386452,10441.79632,14051.54126,13564.9942,71051.71079,16583.95878,1590.83027,815.9081941,2511.901023,3064.124804,45888.47633,6018.107241,16258.10926,80595.66749,1082.686648,23338.56527,1569.748832,20346.74086,6795.174012,11161.51332,2777.142236,4371.625272,15989.33133,3630.047645,25966.09694,28963.40996,40053.41379,33956.24598,817.0695985,53569.02802,,11275.37812,11756.46662,6740.439686,10356.02362,6931.400654,6857.125994,9805.651213,9274.977054,7238.192144,36685.34335,31121.11976,7167.543132,1008.135323,44025.81545,31228.86654,18035.5938,17608.62007,39820.74218,10573.61689,48664.26571,43127.21286,15334.72354,2137.857133,9109.897741,47031.21379,3259.169903,37687.43334,14442.88028,7269.20626,1856.26109,1688.813687,8972.305986,2734.741354,1936.640614,45077.73389,4914.323743,49043.94817,25477.94929,8573.789604,7246.49031,3914.839779,2252.162848,2817.88427,52827.01012,3661.955505,7319.434386,13324.90784,7830.670682,60326.65415,33666.14333,45356.53672,10246.16192,38582.32219,11399.96555,19500.47894,3221.252972,2097.088492,7538.087804,75580.93375,3857.653909,4052.83832,10198.08739,14538.81332,14455.09014,13761.5633,25294.38873,2100.607554,15605.5638,2148.825439,1333.422223,21857.13203,25835.36802,6975.977667,4727.769982,114889.18,96154.1951,1639.882778,1181.077496,19546.98592,16330.79978,1985.623428,30918.49827,3501.107278,5080.645869,14909.17086,18462.84012,3574.449808,14573.17156,9665.164918,9609.89457,7474.083807,7845.669401,6858.33057,16248.33593,5687.227352,917.7952405,2388.44862,8735.713736,4589.581483,2380.970834,52909.96976,38687.84615,4600.536063,974.6821782,4288.270307,54898.81764,12379.3707,64062.43691,40113.92989,33192.27458,18925.56222,6317.326083,3931.175785,16003.77588,4750.929692,19125.62868,3119.175569,9193.839912,8629.264533,5474.681327,21543.1637,32251.5691,44122.37585,2931.510493,33831.93417,92749.55666,19833.96787,23647.26651,1287.048412,24037.06085,14140.76104,11881.82116,6350.104135,88683.31526,3080.798742,43865.92031,2754.192237,13846.28238,21511.41316,1321.512851,74159.38738,,24127.88468,34912.84718,17564.8778,2220.379216,,12402.04946,3586.036149,3586.036149,31569.9312,39520.82227,7865.368304,3267.871812,3267.871812,3265.93931,2905.681129,17284.62734,48557.38435,65641.71061,2133.494009,1848.985478,13460.06056,2306.411014,1513.161163,5232.31671,28700.88299,9388.021848,20009.68889,6773.095694,,3365.695185,1668.988497,12829.03065,76620.31506,44138.5205,55873.24474,10748.63645,16151.36953,3901.05877,3017.516468,4422.285373,13445.27129,2619.72137,2307.484624
1484.114461,3229.278198,3530.74139,9912.577242,10796.90256,7864.374579,23131.57765,13191.90438,23103.45652,10467.52981,39968.27869,44835.36141,53089.87634,12903.15192,38746.78356,46408.83208,2659.049232,16946.67096,15942.89768,48422.57823,7426.891451,2738.194385,95855.80069,6995.779305,6351.226211,11035.03858,14616.00235,14114.97477,68856.16169,17717.12183,1632.948589,827.7923145,2640.631628,3084.98522,45851.63025,6341.204482,16381.40758,77987.96784,1085.440256,24401.28886,1564.79169,20840.40421,7412.874363,11393.20223,2819.658741,4490.496909,16527.43608,3639.893481,26460.89598,29227.07658,40484.61491,34580.44335,839.8155864,52982.53174,,12072.84744,11980.83946,6875.193812,10795.77231,7439.128652,7359.644958,10257.39963,9763.504449,7392.846522,41249.48658,29616.69051,7176.213469,1086.699475,43992.92522,31588.75566,18794.93042,18358.31931,40039.10587,10566.92605,48817.98949,42996.20978,14378.49298,2205.114392,9358.61459,47573.02736,3466.813991,37461.53877,14541.85144,7365.280436,1889.18795,1700.285515,9112.208774,2758.579956,1998.786127,44960.44126,5011.607299,49788.81397,25792.70252,8950.50257,7539.871508,3965.400495,2344.77537,2894.198205,52999.43754,3720.092648,7657.594719,13213.09562,8333.318481,56485.69925,34065.41255,44623.60202,10113.15911,38141.93397,11662.89615,19770.21665,3140.612913,2006.888104,7949.249926,73022.96583,4142.211454,4296.483673,10809.47243,14901.83267,14826.63741,14117.93223,24711.10745,2199.378237,17030.14739,2267.251404,1370.907814,22129.19375,26784.88003,7261.757112,4844.440151,111409.7238,97345.08584,1700.695921,1235.55372,20103.50414,17448.98365,2012.281262,31893.35868,3277.735222,4919.840422,15655.60432,18396.81092,3518.44284,14930.98774,9873.271301,9817.638442,7789.480407,8473.747922,7360.684609,17391.02697,5952.656996,958.2834241,2617.138174,8805.410682,5590.184572,2499.415586,53848.25223,37933.15147,4693.628097,1011.103098,4458.622295,54351.28445,13044.76364,63570.36124,39958.51408,34689.57484,19745.10408,6325.094681,3908.599006,15441.95194,4965.37295,20636.92745,3035.170682,9657.68146,9341.231027,5618.484953,22444.90735,32307.91277,44002.9359,3037.090491,33403.42449,92555.30034,22044.30668,24887.85272,1393.029902,25291.9623,14634.01222,12082.89223,6371.309048,87177.90064,3239.020211,45340.1182,2780.615307,14691.78028,20584.08235,1360.161098,71629.82744,,25451.15176,36081.12864,18205.55474,2296.892336,,12628.20084,3646.368341,3646.368341,32275.12525,39240.39519,8274.175363,3354.299998,3354.299998,3352.486052,3048.296149,17793.996,47963.49375,66598.85937,2255.022651,1899.482075,13620.53237,2521.540492,1532.423976,5438.077854,29538.91107,9682.790372,19933.06727,7665.452198,,3600.56277,1757.971983,13195.87684,68798.41826,43670.41458,55271.65747,11333.41368,17266.53048,4185.557525,3112.333217,4628.029653,13635.75497,2747.438504,1880.803583
1758.904477,3192.547923,3640.418071,10313.92644,10782.36109,7643.495786,20047.71601,12992.80992,21519.89362,9052.383549,35731.9896,44771.48421,50957.60638,13822.09111,36500.06765,44759.39472,2762.180474,16019.71463,16010.43996,47063.87906,7257.755472,2724.084767,89961.98274,7393.917855,6455.96837,10755.97112,13235.95633,13962.25888,66851.11704,17229.84948,1631.193828,831.5648243,2603.583593,3067.222499,44003.61704,6185.760917,15741.05503,70428.43172,1161.190011,23620.70845,1577.669488,20298.25092,8069.354638,11395.56214,2840.632898,4851.126826,16174.27686,3673.26125,24548.79184,28883.10378,38618.00937,32782.61235,835.6117229,50114.05005,,11928.44473,11944.34813,6891.662065,11079.78161,7924.124065,7839.712685,10148.86595,10031.03296,7208.163309,39914.17531,25390.75397,7236.734699,1150.206044,41844.94856,29990.44557,17739.17422,17152.1063,38235.21473,10319.38925,44662.10014,41546.49058,13934.85657,2283.18618,9097.421248,44978.11987,3543.467576,35756.24552,13537.79492,7262.500109,1825.673398,1713.763538,9454.099799,2887.386675,2033.665039,43208.63566,4787.863751,48459.96458,24102.01369,9058.642392,7626.369298,4082.167765,2407.427974,2976.018283,48770.95034,3956.359016,7906.261955,13199.01869,8440.262401,53077.387,33568.59366,42074.92125,9625.375077,36080.51723,11650.36436,19614.73532,3156.436834,1979.543088,8169.317728,63886.25167,4210.626347,4542.181363,11029.81627,14425.67857,14349.13147,13658.91924,21540.08556,2259.104644,18584.38364,2235.405282,1387.329731,21685.02288,23065.06196,7349.222486,4979.145738,104598.8319,96493.65557,1587.567035,1300.532591,19442.98535,15732.16971,2041.330218,31294.90231,3376.76476,4783.637135,16131.70698,17168.97733,3576.868629,14736.81518,9973.659798,9919.829752,7890.812445,7975.384145,7153.437451,16348.0915,6129.113818,991.3228347,2874.780284,8671.664107,6058.524456,2591.631452,51607.60573,37505.04828,4477.4095,992.4101027,4690.379449,52478.36687,12987.17158,61689.57772,38333.71952,35207.2231,19539.19366,6167.222789,3930.508174,14753.90812,5250.116075,20525.62012,3165.093267,9503.266644,9368.045463,5606.590677,23064.9537,31269.41046,42233.61937,3105.627379,32930.36156,89954.84611,21002.27614,22939.69405,1441.000286,24057.94236,14037.3913,11841.05243,6022.795875,77188.62853,3227.913337,43169.54229,2780.613027,14347.85625,20276.8284,1372.392067,69585.84488,41969.40374,24030.61182,33057.41475,17931.9141,2301.587754,,12262.14303,3845.068135,3845.068135,32363.96866,37430.6785,8507.592916,3377.365011,3377.365011,3375.628326,3064.398943,18120.32449,45492.76817,64404.07986,2293.712708,1943.040893,13458.52671,2724.748145,1573.970673,5129.89131,28103.26899,9872.010334,18731.51938,8015.809617,,3408.571267,1819.001182,11298.39096,58374.61533,41558.30083,53399.36563,11424.85382,17948.42895,4446.863606,3129.645024,4830.305069,13381.80729,2917.515557,2082.075337
1957.02907,3273.44737,3773.011461,10749.48745,10970.70637,7692.434286,18205.73853,13275.32041,23521.27018,9286.197327,34343.15132,44991.78371,51769.14556,14312.75612,36504.40705,44599.80497,2883.466794,15596.61681,17288.40435,47971.63031,7294.684143,2704.705484,88399.91595,8190.576223,6612.803357,10938.28505,14126.38227,14873.20832,67753.42177,17440.67188,1716.358323,846.1691368,2716.699738,3086.221474,44861.52396,6200.343537,15864.33609,66882.50759,1201.352197,24043.44383,1732.691584,21262.46699,8884.588031,11783.29991,2878.26971,5172.760902,16830.43618,3660.903847,24280.60269,28543.36071,38379.0904,33483.13759,865.6840402,50825.41229,,12003.76608,12782.45717,7238.00693,11892.69207,8617.36283,8525.818132,10340.9703,10340.07323,7328.71991,34732.21915,26133.38181,7459.227976,1259.022581,42620.98865,30736.28696,18476.07388,17885.91587,38976.73907,10547.9304,45874.6613,42147.67168,14415.44591,2346.720479,9736.732094,46929.99341,3729.475903,33753.61775,13412.79337,7335.988974,1870.800051,1747.237485,9789.0167,2735.283617,2096.783542,44257.53304,4866.973931,51360.96698,24427.62873,9633.832339,8075.672067,4205.456968,2500.268394,3079.456403,47457.62292,4234.979573,8286.73287,13805.70382,8748.508776,53725.0336,34800.24747,42664.35527,9435.760842,37586.16715,11315.5027,20751.25724,3329.853752,1923.107776,8372.091001,58810.40487,4141.077206,4850.175067,11798.14321,15190.82981,15125.08364,14408.57146,21023.90133,2346.904148,19499.1728,2346.713297,1420.046246,22539.89276,23942.76036,7789.775542,5225.266727,107703.4539,118085.4875,1553.404722,1350.59917,20536.37251,16305.79888,2082.961935,32867.94003,3595.174776,4767.377366,16797.81724,17790.01192,3659.638766,15137.59788,10300.12058,10243.98132,8375.33224,8550.170639,7479.780902,16764.36237,6281.464191,1027.208877,3129.920255,9031.160594,6688.649739,2703.414917,52032.9865,37657.1432,4611.785692,1036.904305,4932.3348,53386.15596,13412.31283,61353.49639,39244.19627,33864.98374,20568.18403,6272.306612,3906.873971,15062.49579,5411.066482,21343.30499,3406.64404,10415.65644,10066.46757,5918.373229,23996.13978,31798.15381,43252.27072,3210.19223,32960.69111,95908.31282,20303.1628,23961.22029,1507.16501,23710.3475,14109.41343,11447.46662,6006.383728,72038.11362,3357.470193,44036.76735,2797.11016,14510.9633,20892.69175,1413.563736,78294.03142,43543.88976,25417.81236,33355.84763,18739.55925,2439.862325,,12452.33753,4076.367958,4076.367958,34394.49049,37319.47622,9126.865612,3479.470191,3479.470191,3477.679494,3089.572476,18840.36897,47791.37152,65819.73725,2390.022174,2006.971326,14399.04451,2930.054491,1625.545446,5166.932054,28879.28737,10113.37035,20027.66683,8616.889533,,3281.502177,1861.282458,11778.3137,54921.77558,42089.01364,54315.91248,12232.7519,19293.7408,4651.522962,3088.978879,5089.411016,13890.5139,3125.528849,2458.220626
1904.559926,3338.582007,3854.720594,11052.79046,11078.24233,7675.446085,17605.17014,13467.80536,24647.62927,9725.27823,35392.60519,45463.682,53102.95084,13905.24576,36253.6681,44157.47964,3034.951082,15444.74632,18251.78094,48153.93909,7259.851886,2707.8697,85829.37826,8744.957643,6844.983783,11176.87682,14770.43904,15323.33173,69388.8132,17966.15806,1775.779179,852.5026216,2862.908046,3126.786237,45822.59643,6366.128511,15973.13935,66255.63177,1242.714801,24862.81256,1676.769458,22337.86056,9686.61529,12480.54655,2924.685517,5141.183227,17360.20159,3417.778385,24316.24798,28313.04862,37562.44914,34002.18978,894.8265445,51293.20618,,11971.02013,13024.32852,7495.852521,12509.36556,9254.17733,9156.110876,10984.28377,10302.44285,7575.63974,35377.73649,28159.58027,7575.715587,1360.938522,43397.64748,31513.757,19410.09509,18814.30547,39755.01355,10787.66056,46825.82484,42864.01897,14883.49426,2091.828766,10541.4719,49684.61307,4151.481422,30372.76057,13444.64814,7503.674656,1932.505815,1839.692742,10276.03552,2860.209386,2141.560314,44972.85932,4956.402852,53472.99327,24971.47736,10104.89219,8438.740928,4293.104176,2580.578335,3162.265004,48186.16729,4399.88824,8680.213342,14005.31334,9107.597465,53812.79473,35743.53861,42892.30556,9546.493803,37612.38831,11016.39524,21970.08392,3439.343778,1920.101638,8663.789701,60887.68305,4334.660789,5158.835576,12521.19754,15708.93681,15649.70984,14906.55903,22795.19771,2413.904536,18727.01294,2444.928082,1488.277275,8479.947964,25968.58342,8142.919678,5395.786574,108010.7086,140321.6828,1534.939706,1376.167704,21289.25754,17015.81547,2085.420849,32881.83384,3562.857162,4822.16904,17454.78008,18186.22457,3756.908631,15381.46892,10111.88921,10062.18643,8767.82262,9052.866543,8613.313624,17287.41764,6522.373743,1073.478134,3279.665488,9324.528875,7313.672138,2793.024734,52594.22901,38214.47454,4837.537091,1020.996816,5056.892147,53877.70768,13714.57522,61157.14893,39855.76108,32523.35125,21546.6646,6412.90497,3928.519927,16255.7398,5782.689593,23349.15681,3369.844455,10714.69093,10616.8437,6043.601676,25124.27636,31304.81553,43863.02539,3264.973821,33224.56552,99147.28818,20792.1734,24972.07849,1586.961242,23933.40682,14760.49066,11393.67943,6206.154634,65142.76453,3426.324614,46989.14767,2757.079405,14923.8016,23140.9268,1469.033451,81538.36518,46392.86875,26107.82871,33573.33551,19512.13535,2551.263758,,12666.70802,4225.204129,4225.204129,35388.97691,36884.25924,9827.622086,3551.438543,3551.438543,3549.527957,3379.688818,19716.93177,48947.43931,66342.01082,2510.157332,2098.276605,14450.47883,3045.45796,1683.856263,5541.77196,28621.10651,9820.963509,21932.29457,9717.641886,23761.20658,3493.275351,1972.310403,12466.80779,56123.47988,42294.12046,54758.83327,12932.25795,20231.57316,4880.862629,3101.328794,5352.022081,14260.35983,3201.288029,2764.338916
2075.491614,3394.212337,3953.022294,11227.99449,11233.53132,8036.692402,17966.06436,13967.67676,24118.86752,10397.65466,34732.49585,46427.3682,53221.07866,14023.98072,36961.74854,45035.97855,3195.78104,15335.84805,18576.72868,48209.99152,7264.46478,2759.848256,80982.36776,9084.004455,7081.386128,11257.83507,15245.98099,15478.78929,69090.34149,18134.96084,1834.543308,862.715713,3022.596725,3180.772335,46126.51389,6353.707704,16067.90911,65835.08782,1300.28881,25112.30713,1765.194984,23300.4423,10397.56142,12852.6257,2946.202224,5508.011333,17994.53623,3692.647643,23807.31559,28040.03605,35719.3218,33688.09983,926.7878162,51216.30941,,11837.236,13219.69413,7709.450294,13121.60946,9869.405012,9765.083053,11431.37562,10301.10781,7754.687992,36671.35744,29139.52702,7930.468678,1437.376607,42892.32298,31601.22121,19954.94198,19393.85657,39409.09415,10919.49717,45952.24638,42790.63288,15082.65656,2135.744238,11295.75409,49798.96767,4431.023735,28374.67695,13206.97424,7590.755467,2002.321687,1760.883995,10780.96439,2833.777734,2206.972082,45310.145,5065.456999,53785.15301,24754.22591,10513.20726,8755.342698,4382.154731,2679.904694,3257.079351,48440.25508,4583.173199,9080.066113,12807.39475,9997.880826,53653.73477,35942.71484,41501.71123,9433.845758,38235.74504,10688.28934,22702.57884,3501.789724,1979.902188,8827.823336,61416.97843,4259.318204,5489.040283,13149.26231,15948.71072,15890.06841,15121.94192,24060.98577,2503.580882,18039.02895,2585.365725,1561.304987,18806.7838,27330.89595,8455.880501,5543.881129,105075.9611,149702.0565,1538.516397,1362.604787,22132.21692,16709.12932,2007.80693,33929.33992,3469.542323,4891.057383,18014.99115,18594.89447,3649.44968,15619.82347,10167.06577,10118.91307,9115.827618,9000.658925,9488.342966,16802.3983,6625.463454,1120.128481,3491.184692,9626.539189,8090.933471,2922.619609,51860.05599,38857.11589,5083.363011,1085.542828,5131.372645,54644.75156,13640.22401,61990.71162,40142.3848,32961.59043,21873.48782,6395.173031,3980.74865,16633.53804,5985.683247,25196.23927,3453.387112,10493.81277,11176.08672,6351.264942,25457.20646,30156.70158,44147.11195,3370.277699,33638.86568,96261.48733,21311.13363,25933.29266,1682.206491,23194.22396,14637.9295,11538.36691,5901.405539,59708.72737,3461.32746,48024.45967,2788.671459,14894.19593,23203.948,1654.412185,83112.00734,45401.70236,26557.79138,32618.60888,19790.23967,2530.758932,,12743.93861,4397.798925,4397.798925,36049.19349,35769.46003,10712.39735,3624.529101,3624.529101,3622.653803,3785.726439,20020.315,48300.8425,66440.28702,2637.654267,2128.52893,15424.54427,3172.279311,1746.931262,5632.091619,28798.497,10123.42966,22610.68277,10604.00041,23049.44728,3322.38751,1983.880371,12527.4655,57390.70052,42601.82841,55581.41384,13562.31579,20885.10524,5164.274222,3046.685823,5574.493705,14539.89769,3339.269902,3170.726522
2116.465258,3462.877898,4076.151554,11361.29368,11319.09706,8140.525973,17642.86087,14097.45294,24424.13645,10691.27675,35980.16459,46814.74151,52921.8171,14652.70425,35620.71356,46930.83073,3349.025008,15088.44135,18760.16352,48203.65268,7194.917905,2876.903909,80503.65029,9163.563551,7444.490809,11725.25086,16786.09646,15805.22291,66715.69265,18296.14689,1883.79654,877.2729649,3191.861745,3262.763299,46704.76224,6323.376462,16128.59796,65598.18119,824.9432757,25515.26197,1804.322522,24006.81233,11149.86756,13390.4852,3005.510857,5335.610694,18233.01597,3922.540884,23766.97604,27503.78944,33456.28909,33661.46842,972.4559343,51479.26645,4028.43237,11708.145,13702.32121,7955.089821,13754.87425,10487.8922,10377.31034,11818.58683,10290.19162,7892.436955,33678.73784,29637.08738,8179.485766,1545.177956,42629.97396,31835.93011,20515.43374,19988.81594,39313.6541,11429.35522,45328.57532,42816.27148,15342.18131,2131.436027,11740.08912,49880.57352,4645.81841,27797.54473,13427.55196,7734.117707,2035.318627,1770.476147,11117.52938,2879.140268,2276.233326,45716.59711,5113.459151,55230.85943,25284.37005,10935.72102,9086.532217,4519.422926,2787.936592,3374.875987,50168.68853,4818.522557,9457.018541,12625.08749,10349.37646,54026.75603,36759.84145,40268.11279,9427.678977,39056.86981,10414.92128,23720.81607,3611.82026,2034.127423,9076.326727,58995.3699,4631.403267,5841.881828,13763.82504,16244.36813,16189.08886,15401.19035,24881.90877,2594.037325,17537.62275,2614.14311,1652.187994,16160.11024,28589.02666,8783.698004,5740.299443,106427.4563,161971.0349,1531.778467,1393.343534,22855.94969,17133.76821,1995.159252,35287.46508,3594.938776,4946.0348,18579.37416,18600.37118,3468.166617,15713.98274,10161.27058,10114.57888,9479.697793,9817.296297,10383.78371,17381.73999,6828.223017,1165.408205,3753.321364,9990.745831,10493.21242,3033.780787,51640.07669,39599.1883,5263.484839,1099.432246,5329.121517,55268.98194,14027.13097,61878.99441,40522.05002,32189.32529,22209.6044,6556.559439,4069.267498,16099.32088,6118.257181,26480.60949,3513.023253,11209.13154,11724.0036,6666.250512,25759.33915,30042.89072,44536.1352,3470.722076,33922.15842,95499.90761,22197.03833,26332.39665,1718.935761,24225.8336,14105.31642,11729.41835,5826.675959,58419.91361,3558.436593,47848.37647,2777.111769,15399.78291,24150.21072,1953.088364,85732.80394,43523.53579,26706.09511,32239.08456,20079.62531,2594.461708,876.8288837,12852.78216,4602.915619,4602.915619,37021.13416,35371.73982,10990.07059,3715.465159,3715.465159,3713.524709,3947.200643,20379.87051,48462.16,66877.16305,2767.836823,2205.95146,15767.36081,3182.525041,1805.488919,5703.419897,29247.01035,10308.3834,24117.65847,11471.18408,22849.57591,3440.820546,1989.647792,12552.66976,59921.74783,43242.56767,56214.42868,14170.30304,21786.21194,5469.855953,2975.898004,5815.175243,14843.53936,3399.702294,3176.82933
2102.384604,3524.832934,4197.742146,11586.86377,11512.70511,8239.830672,18104.40734,14173.57928,23550.09906,11019.83878,35875.62983,47289.96461,52857.05632,14875.78164,35659.93113,48201.15717,3511.645506,15041.55475,19066.88682,48747.67705,7323.144701,2975.854782,77361.10488,9574.029004,7730.638402,12066.58706,17264.3958,15749.51216,64190.82415,18747.37005,1907.949213,886.2354167,3364.278069,3362.664809,47564.60911,6281.793971,16095.28178,66326.88748,822.6111949,26343.9176,1866.266079,24173.06494,11917.3385,13852.24205,2996.379345,5556.70481,18669.09668,4161.9403,23782.50246,26826.59238,33207.77071,34386.70491,1029.790813,52048.33549,4238.944355,12216.53184,14499.63041,8216.429361,14361.0879,11110.21257,10993.35659,12078.47439,10353.6668,7990.459574,32436.5535,30602.59549,8192.527953,1656.634489,43078.25726,32256.10363,20808.26195,20232.54204,39864.99135,12057.98713,44976.77645,43021.39464,15437.26503,2038.802518,12254.64565,50770.61349,4670.244898,28178.69021,14317.32573,7939.374378,2061.694917,1740.896737,11244.44524,2935.219925,2345.833032,46431.18056,5177.415197,56359.29899,26424.7204,11327.66731,9393.801171,4667.687581,2896.311457,3496.896957,50450.74161,5116.629105,9801.166283,13038.55506,9991.615972,58267.41227,37474.84918,39898.52646,9438.476912,39255.27845,10284.6701,24355.75612,3709.152563,1992.233815,9214.40621,56647.43742,4722.086002,6193.340326,14334.47949,16326.40375,16271.95914,15478.27025,25387.00765,2692.791889,16970.43617,2639.445825,1621.344665,12201.20468,29855.83149,9085.397884,5967.925283,108414.7519,155201.3996,1540.744824,1432.055122,23906.22858,17568.40991,2075.400681,37230.27839,3545.207373,5008.688256,19240.22471,18887.56744,3340.202883,15872.49406,10220.62481,10171.09111,9815.298406,10314.40965,10980.324,17674.61841,6912.178002,1217.088867,4020.036677,10413.31422,13175.92165,3217.44851,52186.99739,40432.24148,5443.278082,1127.614075,5516.385598,56250.78689,14524.1947,62390.1497,41143.89722,30530.49931,22566.88097,6753.211611,4171.29183,17091.22717,5967.073437,27352.51939,3909.33866,11643.72751,11877.07893,6973.638909,26649.57728,30444.60021,45171.23963,3546.968486,34070.25359,95578.26151,23084.37478,26057.15531,1780.144976,25521.20016,14288.82231,11845.21038,5785.487988,57328.07663,3720.786785,48209.13733,2868.315877,15226.32017,24848.61022,1997.509291,87959.41675,42946.68454,27384.97181,33098.94416,20369.98307,2551.401066,873.493838,12884.4846,4859.310249,4859.310249,37967.47562,35968.62014,11428.1079,3801.736252,3801.736252,3799.760817,4124.509614,20210.99618,49258.99616,67682.68618,2884.200225,2284.961757,15854.13186,3264.56251,1863.281894,5861.464133,28796.55907,10498.84967,24881.72779,12421.36977,24392.02057,3447.796226,2022.29482,12408.9516,62378.61005,44154.10561,57213.26784,14676.80528,22419.04375,5764.492705,2984.605124,6098.539148,15177.2017,3450.0376,3195.76797
2068.265904,3549.480563,4202.057923,11878.48809,11696.96523,8036.410898,18594.26162,14411.26238,23933.88661,11321.33254,37715.92662,47636.31964,52798.09946,14853.91055,35400.64947,48110.73419,3700.110821,15382.76569,18307.51967,49455.44134,7358.582292,2945.970221,77842.7539,10086.0728,7984.411983,12630.66234,16714.39782,15064.17607,63147.48349,19620.15398,1925.332075,825.2056607,3546.339387,3458.692713,47522.14067,6266.881779,16104.36703,67241.28339,852.7492366,27440.94833,1857.107864,24440.41526,12691.82155,14095.74836,2959.498097,5227.934277,19141.68307,4417.150215,24562.45362,26548.7,34472.29851,36168.41856,1065.242577,52892.64603,4488.802658,11873.74184,15328.35951,8518.311588,14971.18928,11747.62996,11624.38756,11896.37516,10570.44523,8143.224442,28313.43316,31146.75452,8304.658458,1779.084111,43835.85231,32681.35515,20875.90422,20197.04798,40730.98656,12569.14311,45072.59021,43345.78643,15510.03895,2058.658146,12605.14007,51083.92166,4662.303191,28248.12596,15142.06257,8125.655534,2087.935026,1800.063382,11261.81371,2941.816081,2390.346471,47302.85606,5283.416914,57215.94803,27499.32447,11695.27244,9672.452216,4744.855077,2988.549567,3582.917934,52142.93281,5464.394057,10149.60387,12698.1092,10122.20078,72251.15354,37554.59866,40247.82904,9473.106195,39777.53102,10145.8367,24290.41763,3824.759303,2168.997732,9723.580842,54834.39167,4805.141092,6543.670689,14837.76278,16277.30893,16220.87129,15412.41939,26621.27223,2766.224289,16299.20776,2701.421855,1580.479228,11022.42921,30748.19631,9356.22808,6185.115975,110446.0861,119439.7683,1546.767046,1432.085259,24787.82375,17284.64789,2139.736297,39845.11457,3586.056421,5127.432282,19897.4754,19268.9144,3448.303692,16034.7001,10247.21437,10198.14647,10120.16495,10360.82959,11022.97853,18263.6006,7126.670586,1262.613128,4268.500677,10662.82993,13551.9626,3331.871769,52974.11622,41086.1153,5630.405738,1132.331205,5514.770273,57440.39959,15072.94754,62987.53586,41948.09769,30146.95605,22734.93853,6931.632959,4278.346663,18338.12827,6048.976597,28431.08242,4083.752437,11828.14013,12110.2669,7300.13621,27797.05842,31118.79067,45915.05318,3566.724277,34311.02963,95965.25124,23878.18854,25488.09612,1889.158106,25569.48412,14029.59092,11973.41937,5992.439321,58061.8568,3794.358595,48921.21525,2966.455347,15578.20285,25500.48656,1551.823091,89519.73571,41852.40413,28676.26561,33805.03005,20526.27591,2518.647478,879.2765319,12840.0354,5153.892746,5153.892746,38828.741,37377.06802,11890.51653,3818.140158,3818.140158,3816.11404,4187.862722,19317.05451,50928.96298,68025.92004,2984.494913,2354.138985,16285.38657,3297.889163,1920.469307,5944.452686,29053.33478,10510.33031,25958.64076,12993.53181,26693.10354,3720.305315,2054.090449,11237.07446,65218.82043,44840.78264,58540.29609,15128.86942,22425.83008,6086.715742,2915.70046,6438.259854,15509.99647,3443.553254,3198.982129
2057.067978,3546.71125,4106.969511,12291.87338,11826.16642,7568.998168,19419.5808,14612.19871,23189.52745,11303.06785,38314.80603,48197.43119,53269.3062,14238.78414,35558.0725,47937.70906,3920.144507,15738.07866,17822.60659,49828.96291,7207.005184,2961.440416,78149.35254,10775.19031,8202.544232,13194.3254,17117.27279,14451.15284,60867.29187,20513.10095,1981.429814,794.6042714,3733.524626,3524.443041,47457.58535,6482.72155,15805.17661,68484.50784,884.4951965,28387.33019,1687.053569,24531.35774,13487.82248,14194.51566,2987.970275,4551.370451,19736.6653,4615.709257,25599.84362,26009.528,36523.73321,37014.95929,1055.572915,54185.00848,4709.523889,12154.75144,16166.61153,8844.614289,15601.80089,12406.00163,12276.23325,11551.61597,10795.80874,8309.441799,24827.03212,32130.30088,8321.031914,1894.897364,44528.16194,33142.43704,21151.72021,20413.63167,41495.98223,12820.7246,46206.78781,43705.14756,15359.7404,2036.877159,12963.74396,51803.23542,4712.514355,28226.90728,15613.69013,8206.047987,2253.477683,1864.263035,11631.0432,2952.617094,2430.922144,47879.44311,5395.614551,58096.29926,28170.82136,12127.67566,9991.434914,4746.335228,3080.134997,3640.79525,54665.76392,5851.39488,10531.11097,14205.21163,11191.11504,72864.48914,38234.72448,40837.73763,9553.096196,40031.27076,10036.54362,24210.86296,3952.758132,2247.919779,10179.9251,54708.97979,4912.382484,6896.127374,15353.21059,16129.96468,16070.50665,15247.58877,27503.1773,2829.360941,16100.9228,2776.740984,1516.355714,10592.43094,31925.80342,9669.314954,6472.132783,113035.8347,116556.7883,1565.867553,1428.423917,25541.77051,17584.14754,2198.560381,40536.71818,3605.477689,5045.896724,20646.933,19539.26125,3437.38984,16529.35292,10794.12313,10743.03842,10472.94364,10942.55087,10940.41865,18797.90562,7106.241249,1273.783633,4482.9268,10471.27929,13901.95361,3315.814414,53847.82655,41672.10124,5811.883058,1151.657874,5284.893228,57944.19859,15491.74359,63104.10039,42444.778,30184.87016,22861.77225,7068.681244,4421.581929,18268.03166,6438.93364,29332.41454,4222.524993,12170.78439,12403.68714,7705.05377,28682.69393,31847.53773,46501.34829,3564.726503,34539.58684,95601.80731,25145.01335,25490.70826,1950.526265,26075.7425,14516.24212,12163.60498,6440.797422,59009.79868,3878.82987,48625.84382,3067.665577,16182.82169,26309.6859,1610.550969,91307.50362,40857.76948,29250.11804,34858.51195,20591.91012,2596.545938,879.8893709,12702.91708,5482.173064,5482.173064,39814.65893,38477.57918,12287.47307,3777.82182,3777.82182,3775.743542,4234.757536,18180.60261,51334.43203,68663.24382,3113.254517,2441.636945,16782.09867,3344.570884,1976.807793,6312.326302,27281.85826,10524.9136,26385.00194,13562.52848,28175.2522,3787.816642,2075.011666,11534.638,66510.90299,45268.73045,59112.24221,15601.11074,22724.02213,6346.334778,2973.467613,6767.778832,15829.67851,3467.887448,3173.610829
2058.400221,3569.667028,4099.559666,12770.97504,11737.41616,7310.896589,19840.28404,14529.31372,23597.11775,12115.13929,38897.12267,48482.64746,54169.96399,14121.40694,36298.448,47709.77802,4160.703325,15789.04116,18280.19892,50442.27054,7193.63431,3044.517156,81834.95587,11142.47467,8423.69756,13753.83205,17253.6875,14524.61354,60994.53156,21387.27664,2044.386987,773.5728587,3928.373934,3554.521539,48317.09658,6643.179892,15746.556,69753.08972,912.8030453,29878.7855,1587.032328,24470.70362,14344.42124,14171.3205,3032.262133,4241.858343,20347.03477,4830.750515,26800.11898,25475.48966,38050.85774,38824.88792,1059.810762,55356.68078,4885.205039,11304.04333,16735.36442,9159.47676,16337.58304,13123.17159,12986.3291,11617.91222,11014.48648,8454.055551,22550.95816,33856.18111,8408.043122,2021.562908,45589.71215,33998.14613,21897.21662,21100.9306,42656.11762,13429.30062,47570.13358,44577.06457,15006.84404,2072.646833,13589.70739,52952.87502,4983.688856,28645.04362,16217.49985,8322.21681,2417.803795,1925.237737,12005.4051,2980.960584,2490.729289,48780.5509,5561.994542,59849.24818,29465.12624,12628.33479,10367.17032,4792.809445,3199.057732,3731.81835,55638.49206,6182.922109,10935.63172,14535.87358,10719.01222,78655.62619,38833.97343,41581.12079,9600.104746,40966.59322,10003.57498,24862.96612,4046.234771,2235.694985,10530.48166,50855.55286,5046.691535,7257.812107,16026.39365,16288.77662,16233.10903,15396.66266,28650.00776,2917.759824,15987.65434,2668.291425,1515.64454,13238.00054,33761.87124,10035.43193,6724.123109,112308.1738,126183.6761,1584.424475,1446.473062,26661.50742,18058.58108,2246.797421,42644.05085,3706.253158,5077.185987,21415.11611,19721.26098,3490.130487,16533.52623,10955.58981,10901.90893,10884.67193,11651.31745,11311.76113,19682.28335,7312.056779,1283.65987,4739.915445,10171.42149,12975.39238,3565.197807,55088.6338,42285.3199,6004.02858,1163.687784,5190.356127,58922.10326,15649.92742,64050.75617,43303.09184,29077.3636,22676.92335,7290.787253,4571.205078,17826.39361,6401.740891,30446.83723,4285.628756,12590.54844,12506.52938,8120.868793,30064.50348,33044.71674,47464.36234,3539.369789,34363.74599,91738.75279,27141.91933,25926.44385,1975.248661,25360.09102,14945.73328,12245.12634,6480.845407,58867.01336,3952.945394,47306.22232,3203.906368,16611.01686,27242.65603,1642.60747,95350.43567,37914.12297,30077.84553,36505.67722,20472.41387,2663.939508,867.4542909,12701.34893,5773.980787,5773.980787,40957.41806,39528.92539,12584.10479,3788.476557,3788.476557,3786.343617,4327.782553,18283.68839,51947.95425,69103.57026,3252.932655,2530.603317,17422.95235,3145.483121,2012.240693,6467.124278,26342.61666,10605.29488,27913.81872,14205.02651,27060.58966,3896.748473,2074.652436,11871.12362,67183.60531,45744.71049,60109.65573,16254.87497,23009.87423,6518.804687,3081.835198,7155.443187,16242.88461,3485.02178,3274.611198
2033.804389,3579.271917,4115.235801,13323.75336,11642.19835,6933.499934,21030.39507,14608.97425,22759.39856,12715.10895,,49151.68871,55297.61829,14209.64941,37019.99505,46200.44558,4440.85547,15674.90432,18885.2355,51110.95847,7261.870287,3160.78067,81422.1346,11348.44195,8655.531498,14386.73185,17634.65619,14668.25616,60389.18465,22208.45228,2120.330268,761.5241252,4159.338194,3603.548275,48796.81378,6864.185298,15967.57332,71784.04808,933.1099506,31289.68062,1576.321115,25028.90999,15242.98586,14314.85558,3066.837847,3933.425551,20559.86043,5033.478826,27799.84332,25054.89523,39559.48796,39932.99219,1085.893688,56281.28887,5214.072187,11537.01907,17711.79553,9412.410736,17056.62665,13870.48058,13726.16124,11561.74785,11366.33552,8614.017959,20386.01387,35208.02396,8520.592386,2103.515858,46349.21517,34684.50279,22555.66725,21673.72681,43555.48671,13846.15884,48130.29239,45251.90541,14744.43433,2158.077558,14253.40899,53463.40148,5177.883989,29150.69449,16801.95524,8462.172107,2499.707266,1901.931739,12477.57671,2992.310411,2536.704844,49680.43585,5680.362884,61062.94765,31095.5575,13105.40757,10724.13013,4874.585321,3312.050296,3831.850861,56722.11937,6518.845055,11371.72556,13471.86064,10346.21296,84303.34089,39418.34531,42052.55638,9734.862288,41182.3802,10013.39766,25544.34476,4203.838273,2254.059232,10895.044,50478.58751,5133.151915,7592.829475,16763.17611,16418.77639,16367.16306,15494.52229,30036.08655,3003.338789,15588.15287,2614.658849,1497.004787,15017.99357,35427.46186,10379.59888,6954.2177,113589.6705,132416.8029,1592.053558,1471.037249,27558.13695,18795.53035,2283.702413,43313.47703,3806.689724,5042.431198,22208.13812,19928.39566,3460.909048,16431.85564,10807.50346,10754.17509,11274.61086,12363.14684,11915.55675,20686.57591,7446.93622,1289.735948,5029.188086,10092.25882,13636.36094,3773.715918,56060.91363,42866.12723,5729.688224,1200.972464,5155.075994,60286.85774,16093.31042,64341.2589,44062.46223,28350.94353,22687.31415,7410.7022,4739.472713,18444.30776,6318.210068,31012.94615,4190.094895,12827.70802,12781.41644,8516.136549,31674.13162,34040.72556,48359.20575,3529.137179,34299.35854,90970.0609,28523.47318,26656.40954,2088.749224,25901.6333,15261.36435,12466.41614,6322.208997,59576.42939,3993.278796,47592.76715,3309.486173,17452.7959,27342.16165,1663.29348,98222.84604,35342.10661,31132.57297,37968.35206,20544.17697,2697.646431,866.7653021,12627.92858,6072.748645,6072.748645,41948.34601,40312.54759,12860.32083,3800.614533,3800.614533,3798.510049,4344.529887,19005.65435,52349.29243,70663.4876,3415.322336,2590.201138,18095.73657,3051.668117,2061.334176,6411.289368,26250.37224,10763.72978,28312.68342,14845.34465,28160.88929,3945.563673,2121.96782,12338.00245,66968.22118,46037.90054,61585.75604,16893.68555,23035.08339,6755.480974,3093.461547,7585.943155,16636.84801,3521.542063,3341.665418
2065.036235,3568.597017,4142.398382,13671.48842,11510.55709,6670.331458,21548.72501,14599.70789,22063.90437,13653.76338,,49455.53851,55833.31569,14439.3014,37100.36296,45060.42374,4753.726597,15639.04784,19283.11715,51742.72638,7251.921351,3287.309538,81804.26568,11832.15825,8724.474187,14896.79004,17776.80831,14763.8717,62098.01134,23191.57458,2178.322879,751.6641528,4388.800909,3642.276273,49006.74311,7171.826425,15994.26046,73633.70163,945.1420429,32553.73244,1579.626101,24967.58021,16092.30077,14585.30249,3059.491726,3842.798856,20805.34368,5212.554021,28753.51627,24494.34261,40226.80949,40696.31049,1097.94884,57678.09889,5534.766172,11905.87052,18412.89999,9534.210635,17705.04677,14566.84478,14415.51916,11370.6033,11763.25328,8796.062064,18502.56396,36830.07479,8621.804067,2221.404665,46913.55002,35200.21133,23053.85352,22085.86371,44275.57164,13684.36082,48689.23415,45834.16691,14950.07708,2222.87959,14989.25816,53639.26072,5396.866088,29723.22196,17050.29304,8653.308195,2567.033987,1939.28951,13082.20262,2905.438565,2576.64431,50296.3271,5736.181633,59586.20401,32553.5237,13486.66636,10996.81183,4872.311743,3410.672623,3892.231652,56913.95685,6713.932211,11811.97556,12389.22335,10565.24743,87786.15693,40007.31916,42662.52237,9777.005686,41380.09358,10071.37989,26351.80444,4329.871884,2270.108607,11485.92401,49853.73628,5258.366696,7886.652814,17431.26698,16410.18398,16353.63967,15469.45222,30858.75007,3079.480494,14551.59371,2583.924371,1427.81909,15174.16252,37062.58675,10643.20918,7106.967485,113940.2374,127161.4994,1618.532314,1514.662677,28364.47632,19531.04256,2321.917173,43950.58805,4029.086329,5197.072251,22870.28625,19701.33767,3466.413293,16261.57505,10669.33751,10616.39832,11577.73099,13022.00461,12316.79137,21533.94924,7537.485272,1281.506041,5082.503161,9845.213068,13527.41194,3952.760349,56629.11079,42877.94291,5451.707835,1224.510262,5135.499469,61234.78167,16600.14365,64452.81262,44553.58642,27294.57298,22723.89962,7326.508834,4690.484777,17572.6226,6245.448697,31432.11327,4349.808048,12615.52865,12853.69207,8914.723798,33120.51784,34879.70597,48999.14915,3543.50029,34804.93471,90043.799,29857.64647,27210.546,2227.517033,26235.55455,15448.34491,12484.72871,6516.520678,60847.10676,4005.341623,46962.14769,3361.461548,18292.17503,27521.16677,1719.789744,98411.58206,,31871.33492,38905.54786,20586.64375,2660.979697,866.7622897,12481.81351,6243.088906,6243.088906,42719.00026,40805.91697,13070.12564,3805.407101,3805.407101,3803.323828,4185.600635,19036.74504,52531.17438,70920.32473,3581.411402,2660.420433,18453.46982,3552.596998,2121.899918,6378.128346,25827.88507,10755.57266,28199.05159,15538.41997,29251.07773,4274.763166,2187.465227,12808.799,67119.15324,46406.46175,62630.87328,17440.33944,23032.73404,7014.324699,3117.678832,8041.178384,16915.28785,3470.448024,3027.656038
1978.961579,3387.59467,4003.158913,13295.41088,10681.6793,6198.083841,17956.31572,13753.70731,19686.52366,12592.63537,,48697.83703,51935.60386,13699.66559,30764.11597,40933.35266,4818.094737,12870.0425,19148.1751,48210.03311,6119.887687,3323.144451,,10909.10017,7931.754309,14339.83118,16040.00847,14063.98251,62243.58315,22383.80554,2160.51153,731.0632297,4191.850003,3576.349499,45856.62563,6045.060885,14844.46131,,928.5895075,31329.49953,1519.912362,23324.52475,16410.7978,13441.49295,3140.698772,3449.145695,19679.28864,5174.100553,26465.12731,,37655.18035,38319.33766,1072.210113,55938.21281,5481.114817,9891.29194,17003.01302,8964.690917,17682.22053,14592.45338,14441.04673,10329.19875,11951.44753,8056.543086,17007.62478,35638.42135,8392.717564,2296.827352,43681.03717,33278.39844,22528.04822,21613.6564,41504.15915,10997.47349,47260.80046,42025.61737,14399.86881,2159.441909,14089.30233,50922.35802,5304.983525,27287.0834,15065.87195,8393.284643,2670.823355,1847.465824,18679.98023,2773.081364,2518.510139,47785.70424,5138.385398,56153.9715,31007.76841,13066.07122,10631.75642,4730.228466,3330.546961,3790.552526,52279.72885,6118.35733,11444.96068,12433.29698,9255.256903,89688.95696,38341.30757,38992.14838,8741.550443,,9816.55453,25337.1524,4220.440248,2291.907219,10776.09525,,4706.570238,7805.798556,17315.06566,15169.20355,15111.71568,14280.23335,29932.49391,3000.824536,11649.05011,2279.895874,1353.84292,10282.29108,36732.03474,10293.85533,6722.809932,110261.1574,54797.92984,1510.141726,1486.778248,26435.17157,13049.04666,2216.773262,39222.14335,,4983.220633,19469.52459,17887.75074,,15498.10151,10228.35731,10169.54664,11209.93315,12324.73628,11470.67383,18278.73079,6916.346412,1229.080019,4544.021569,8893.813157,,3800.065703,54209.56384,42404.39374,5280.140581,1196.87756,4916.721381,58752.15407,15848.41929,63585.90351,42288.34807,,21103.12102,6120.970992,4622.770769,,5394.071688,25381.84845,4101.218882,12335.47236,11260.84575,7953.581644,32238.15726,32181.15454,46457.37534,3377.194829,33442.83157,85266.21059,28832.62315,26456.38794,2098.710362,23259.36231,12270.01329,12105.38136,6295.731841,,4051.604844,44328.18391,3300.085493,18210.00462,24361.89394,1648.05336,93397.0488,,30330.04289,36547.73896,19091.84539,2482.87192,829.6114289,11466.18967,5781.740107,5781.740107,42251.44506,36215.44759,12536.94176,3641.344208,3641.344208,3639.558146,4022.865967,16130.17081,50683.32351,68393.306,3657.573507,2635.335891,17286.86661,3181.137188,2107.877261,,23728.15865,9727.504259,28384.98778,,21122.00571,4411.003116,2177.595854,12377.01729,,41627.12927,60235.72849,17145.95504,21608.43027,6994.169412,2762.791388,8200.331867,16194.04031,3270.035112,2744.690758
