Afghanistan,Africa,Albania,Algeria,American Samoa,Andorra,Angola,Anguilla,Antigua and Barbuda,Argentina,Armenia,Aruba,Asia,Australia,Austria,Azerbaijan,Bahamas,Bahrain,Bangladesh,Barbados,Belarus,Belgium,Belize,Benin,Bermuda,Bhutan,Bolivia,Bonaire Sint Eustatius and Saba,Bosnia and Herzegovina,Botswana,Brazil,British Virgin Islands,Brunei,Bulgaria,Burkina Faso,Burundi,Cambodia,Cameroon,Canada,Cape Verde,Cayman Islands,Central African Republic,Chad,Channel Islands,Chile,China,Colombia,Comoros,Congo,Cook Islands,Costa Rica,Cote d'Ivoire,Croatia,Cuba,Curacao,Cyprus,Czechia,Democratic Republic of Congo,Denmark,Djibouti,Dominica,Dominican Republic,Ecuador,Egypt,El Salvador,Equatorial Guinea,Eritrea,Estonia,Eswatini,Ethiopia,Europe,Faeroe Islands,Falkland Islands,Fiji,Finland,France,French Guiana,French Polynesia,Gabon,Gambia,Georgia,Germany,Ghana,Gibraltar,Greece,Greenland,Grenada,Guadeloupe,Guam,Guatemala,Guinea,Guinea-Bissau,Guyana,Haiti,Honduras,Hong Kong,Hungary,Iceland,India,Indonesia,Iran,Iraq,Ireland,Isle of Man,Israel,Italy,Jamaica,Japan,Jordan,Kazakhstan,Kenya,Kiribati,Kuwait,Kyrgyzstan,Laos,Latvia,Lebanon,Lesotho,Liberia,Libya,Liechtenstein,Lithuania,Luxembourg,Macao,Madagascar,Malawi,Malaysia,Maldives,Mali,Malta,Marshall Islands,Martinique,Mauritania,Mauritius,Mayotte,Mexico,Micronesia (country),Moldova,Monaco,Mongolia,Montenegro,Montserrat,Morocco,Mozambique,Myanmar,Namibia,Nauru,Nepal,Netherlands,Netherlands Antilles,New Caledonia,New Zealand,Nicaragua,Niger,Nigeria,Niue,North America,North Korea,North Macedonia,Northern Mariana Islands,Norway,Oceania,Oman,Pakistan,Palau,Palestine,Panama,Papua New Guinea,Paraguay,Peru,Philippines,Poland,Portugal,Puerto Rico,Qatar,Reunion,Romania,Russia,Rwanda,Saint Barthlemy,Saint Helena,Saint Kitts and Nevis,Saint Lucia,Saint Martin (French part),Saint Pierre and Miquelon,Saint Vincent and the Grenadines,Samoa,San Marino,Sao Tome and Principe,Saudi Arabia,Senegal,Serbia,Seychelles,Sierra Leone,Singapore,Sint Maarten (Dutch part),Slovakia,Slovenia,Solomon Islands,Somalia,South Africa,South America,South Korea,South Sudan,Spain,Sri Lanka,Sudan,Suriname,Svalbard and Jan Mayen,Sweden,Switzerland,Syria,Taiwan,Tajikistan,Tanzania,Thailand,Timor,Togo,Tokelau,Tonga,Trinidad and Tobago,Tunisia,Turkey,Turkmenistan,Turks and Caicos Islands,Tuvalu,Uganda,Ukraine,United Arab Emirates,United Kingdom,United States,United States Virgin Islands,Uruguay,Uzbekistan,Vanuatu,Vatican,Venezuela,Vietnam,Wallis and Futuna,Western Sahara,World,Yemen,Zambia,Zimbabwe
12412311.0,630349685.0,3286070.0,25758872.0,47351.0,54508.0,11848385.0,8894.0,62533.0,32618648.0,3538164.0,62152.0,3225332306.0,16960600.0,7723954.0,7242758.0,256226.0,495927.0,103171957.0,260933.0,10151135.0,10006545.0,187554.0,4978489.0,61630.0,530801.0,6864839.0,13010.0,4463422.0,1286756.0,149003225.0,17489.0,258714.0,8841466.0,8811033.0,5438959.0,8975597.0,11780086.0,27541323.0,337953.0,25307.0,2806740.0,5963250.0,140677.0,13274617.0,1176883681.0,33102569.0,411598.0,2356740.0,18195.0,3119436.0,11924873.0,4776370.0,10596986.0,146679.0,766616.0,10340877.0,34612023.0,5141117.0,590393.0,70422.0,7133491.0,10230931.0,56134478.0,5270074.0,419188.0,2258649.0,1565246.0,822423.0,47887864.0,721627205.0,47276.0,1980.0,728575.0,4996220.0,56666861.0,115784.0,199906.0,949493.0,955595.0,5410400.0,79053984.0,14773274.0,29149.0,10225990.0,55604.0,96328.0,389251.0,130479.0,9263820.0,6352282.0,975265.0,743306.0,7037915.0,4955302.0,5727942.0,10377135.0,255044.0,873277799.0,181413398.0,56366212.0,17419113.0,3510881.0,70292.0,4448348.0,57048237.0,2419901.0,124505243.0,3565888.0,16383881.0,23724574.0,72394.0,2095350.0,4372885.0,4258471.0,2664447.0,2803032.0,1703757.0,2075917.0,4436663.0,28790.0,3696035.0,381780.0,343816.0,11598647.0,9404499.0,18029824.0,223159.0,8449915.0,362017.0,47265.0,358457.0,2034347.0,1055869.0,94779.0,83943135.0,96304.0,4365562.0,29433.0,2184139.0,615004.0,10616.0,24807461.0,12987292.0,41335188.0,1432899.0,9506.0,18905480.0,14965442.0,295861.0,170335.0,3398175.0,4173435.0,8026592.0,95212454.0,2332.0,427517667.0,20293057.0,1996218.0,45752.0,4247286.0,27298693.0,1812158.0,107647918.0,15063.0,2101445.0,2470946.0,4615843.0,4223413.0,22071433.0,61895169.0,37960193.0,9895358.0,3403168.0,476275.0,610584.0,23489156.0,147531562.0,7288883.0,5345.0,6654.0,40260.0,138019.0,31522.0,6385.0,107489.0,162797.0,24124.0,119211.0,16233786.0,7526306.0,9517677.0,70572.0,4319763.0,3012968.0,28814.0,5288455.0,2006404.0,311869.0,7225089.0,36800507.0,295398177.0,42918416.0,5492620.0,39202524.0,17325769.0,20147592.0,405169.0,2178.0,8567375.0,6652873.0,12446168.0,20478516.0,5283811.0,25203848.0,56558196.0,737814.0,3774310.0,1604.0,95069.0,1221121.0,8242509.0,53921758.0,3683978.0,12115.0,8910.0,17354395.0,51463101.0,1828437.0,57134377.0,252120309.0,103755.0,3109598.0,20398347.0,146575.0,762.0,19632665.0,67988855.0,13794.0,217258.0,5327529078.0,11709987.0,8036849.0,10432409.0
13299016.0,647344041.0,3280397.0,26400468.0,48682.0,56666.0,12248901.0,9138.0,63363.0,33079002.0,3505249.0,64623.0,3282162202.0,17189235.0,7772698.0,7357945.0,261007.0,509762.0,105599125.0,261911.0,10160785.0,10039450.0,191136.0,5149496.0,62012.0,534637.0,7011456.0,13430.0,4369320.0,1326321.0,151648007.0,18007.0,266208.0,8767000.0,9050086.0,5564923.0,9289298.0,12137912.0,27888813.0,346229.0,26540.0,2878507.0,6157085.0,141469.0,13495255.0,1192897277.0,33758328.0,423873.0,2422312.0,18419.0,3202083.0,12362404.0,4760003.0,10673534.0,146243.0,783121.0,10346458.0,35908240.0,5154906.0,606843.0,70377.0,7270413.0,10472476.0,57424552.0,5342190.0,432844.0,2266356.0,1548220.0,845267.0,49609976.0,723558978.0,47123.0,2061.0,735398.0,5019134.0,56913580.0,120689.0,203716.0,975785.0,992671.0,5372996.0,79490831.0,15207360.0,29021.0,10315109.0,55783.0,96462.0,394615.0,133553.0,9483273.0,6534936.0,997522.0,744477.0,7178611.0,5098594.0,5800040.0,10363050.0,257616.0,891273202.0,184591897.0,57679025.0,17889457.0,3517704.0,70928.0,4589305.0,57088125.0,2439329.0,124929764.0,3760493.0,16373308.0,24521714.0,73692.0,2031297.0,4419627.0,4379234.0,2649161.0,2921700.0,1742534.0,2040141.0,4544245.0,29166.0,3697451.0,386356.0,353623.0,11942809.0,9600361.0,18519941.0,229743.0,8635528.0,364991.0,48403.0,360892.0,2087914.0,1068433.0,100164.0,85512621.0,98779.0,4375053.0,29629.0,2217918.0,615736.0,10627.0,25260407.0,13328029.0,41890192.0,1476399.0,9766.0,19405506.0,15064522.0,,174336.0,3446171.0,4267570.0,8288739.0,97667632.0,2292.0,432663821.0,20609151.0,1993304.0,46662.0,4269465.0,27725243.0,1893761.0,110778655.0,15442.0,2191000.0,2523115.0,4725543.0,4334348.0,22522383.0,63454785.0,38082940.0,9916052.0,3435255.0,487354.0,622413.0,23456646.0,147995584.0,7083928.0,5635.0,6573.0,40381.0,140001.0,32441.0,6425.0,107772.0,164000.0,24454.0,121949.0,16772695.0,7755503.0,9602879.0,71446.0,4348663.0,3101144.0,29852.0,5309229.0,2007780.0,320781.0,7274026.0,37718952.0,300829462.0,43373148.0,5420179.0,39299081.0,17535732.0,20891442.0,413009.0,,8625140.0,6718818.0,12815400.0,20679072.0,5400636.0,26056605.0,57232471.0,759526.0,3862998.0,1575.0,95243.0,1229108.0,8427851.0,54840595.0,3789188.0,12815.0,9014.0,17953534.0,51461273.0,1937159.0,57290792.0,254539371.0,104088.0,3131657.0,20884862.0,150718.0,762.0,20096314.0,69436956.0,13823.0,224391.0,5414289382.0,12302127.0,8246662.0,10681008.0
14485543.0,664512034.0,3245887.0,27028330.0,49900.0,58882.0,12657361.0,9333.0,64459.0,33529320.0,3442820.0,68240.0,3336711023.0,17402179.0,7830938.0,7471924.0,266028.0,523082.0,107983708.0,262890.0,10154338.0,10078098.0,194324.0,5331805.0,62391.0,534525.0,7160917.0,13936.0,4233673.0,1363541.0,154259382.0,18443.0,273888.0,8676379.0,9297110.0,5685569.0,9623899.0,12499499.0,28224410.0,355763.0,27784.0,2959236.0,6356741.0,142006.0,13719818.0,1206711243.0,34422568.0,436454.0,2489945.0,18678.0,3286525.0,12812428.0,4732866.0,10736386.0,146018.0,800610.0,10353021.0,37333917.0,5171654.0,615050.0,70546.0,7408339.0,10716131.0,58666812.0,5416327.0,447269.0,2257593.0,1520811.0,866995.0,51423591.0,725190636.0,46746.0,2169.0,744470.0,5044928.0,57147213.0,125075.0,207238.0,1002573.0,1027476.0,5303925.0,79963166.0,15653345.0,28844.0,10420226.0,55857.0,97161.0,397692.0,136693.0,9708552.0,6716032.0,1020353.0,748596.0,7319491.0,5244677.0,5864745.0,10358622.0,260154.0,909307018.0,187739786.0,58780376.0,18402740.0,3529847.0,71262.0,4752826.0,57145308.0,2461047.0,125331300.0,3977667.0,16302809.0,25326080.0,74767.0,1912425.0,4454192.0,4500346.0,2620254.0,3076133.0,1782284.0,2001612.0,4650896.0,29552.0,3688103.0,391397.0,362308.0,12301338.0,9685974.0,19002660.0,236271.0,8850334.0,367890.0,49242.0,362756.0,2142645.0,1082948.0,105826.0,87075136.0,101386.0,4376804.0,29859.0,2243495.0,617181.0,10659.0,25711410.0,13805999.0,42401686.0,1516951.0,10030.0,19938322.0,15165856.0,,178759.0,3503194.0,4364514.0,8566773.0,100161708.0,2261.0,438123767.0,20937407.0,1988659.0,46473.0,4292685.0,28147954.0,1983272.0,113911126.0,15859.0,2287676.0,2575949.0,4836216.0,4445019.0,22966822.0,65020124.0,38197588.0,9951305.0,3469071.0,495403.0,634793.0,23375828.0,148268576.0,6702239.0,5849.0,6487.0,40691.0,141758.0,31816.0,6435.0,107941.0,165490.0,24830.0,124574.0,17282686.0,7990090.0,9701145.0,72661.0,4347727.0,3199642.0,30458.0,5329029.0,2005352.0,330004.0,7295380.0,38672611.0,306228628.0,43848223.0,5305449.0,39410852.0,17736827.0,21696240.0,420658.0,,8686735.0,6792906.0,13187669.0,20868148.0,5502490.0,26961204.0,57811025.0,783204.0,3945902.0,1558.0,95398.0,1236685.0,8613855.0,55748946.0,3899843.0,13639.0,9110.0,18561668.0,51415957.0,2052891.0,57446041.0,256990608.0,104795.0,3154459.0,21375114.0,155176.0,773.0,20557694.0,70883488.0,13873.0,231731.0,5498919891.0,12954157.0,8451346.0,10900511.0
15816601.0,681869333.0,3195196.0,27635517.0,51025.0,60974.0,13075044.0,9491.0,65777.0,33970103.0,3363111.0,72495.0,3389426674.0,17603211.0,7892089.0,7581754.0,271065.0,536212.0,110350641.0,263869.0,10135133.0,10118684.0,197625.0,5521761.0,62750.0,532590.0,7312857.0,14451.0,4078940.0,1399110.0,156849086.0,18783.0,281684.0,8576042.0,9552473.0,5798054.0,9970727.0,12864091.0,28547964.0,366057.0,29068.0,3046148.0,6563925.0,142407.0,13944934.0,1218817059.0,35091272.0,449270.0,2559880.0,18934.0,3372298.0,13271638.0,4697537.0,10789312.0,145766.0,818750.0,10358694.0,38815835.0,5190745.0,618504.0,70818.0,7546467.0,10961460.0,59880656.0,5490478.0,462637.0,2238631.0,1488060.0,887706.0,53295556.0,726475543.0,46277.0,2269.0,754962.0,5071782.0,57370375.0,129145.0,210644.0,1029769.0,1060861.0,5208954.0,80428557.0,16106756.0,28680.0,10533811.0,55847.0,98234.0,399380.0,139813.0,9938699.0,6897171.0,1043421.0,754141.0,7460684.0,5394416.0,5928336.0,10359052.0,262650.0,927403866.0,190851184.0,59723761.0,18955087.0,3546929.0,71431.0,4929413.0,57197610.0,2484583.0,125707407.0,4201559.0,16181161.0,26136217.0,75711.0,1772607.0,4483844.0,4619946.0,2582658.0,3246129.0,1822237.0,1976701.0,4755134.0,29987.0,3670653.0,396812.0,370195.0,12675469.0,9710335.0,19484901.0,242596.0,9087173.0,370774.0,49828.0,364374.0,2198538.0,1098604.0,111633.0,88625440.0,103901.0,4371155.0,30145.0,2263196.0,618863.0,10598.0,26155204.0,14370950.0,42889992.0,1555098.0,10287.0,20489973.0,15268005.0,,183481.0,3564473.0,4462496.0,8860297.0,102700751.0,2228.0,443652234.0,21265832.0,1984024.0,45763.0,4316790.0,28566202.0,2072106.0,117086680.0,16285.0,2391399.0,2629584.0,4949053.0,4555518.0,23408135.0,66593903.0,38301349.0,9996642.0,3503470.0,501479.0,647590.0,23256959.0,148373584.0,6263758.0,6028.0,6394.0,41141.0,143402.0,30194.0,6423.0,108036.0,167117.0,25208.0,127066.0,17763297.0,8226749.0,9795253.0,74071.0,4328965.0,3305801.0,30765.0,5347212.0,2000560.0,339501.0,7315864.0,39633754.0,311601582.0,44335037.0,5185712.0,39533726.0,17924827.0,22527837.0,428028.0,,8746770.0,6868937.0,13565074.0,21044700.0,5593317.0,27887204.0,58337773.0,806867.0,4029044.0,1537.0,95556.0,1243605.0,8795934.0,56653808.0,4010789.0,14526.0,9194.0,19175986.0,51316013.0,2173135.0,57602279.0,259532130.0,105730.0,3177734.0,21861974.0,159743.0,780.0,21016900.0,72300308.0,13955.0,239334.0,5581597596.0,13634082.0,8656484.0,11092775.0
17075728.0,699445412.0,3146518.0,28213777.0,52099.0,62676.0,13503753.0,9661.0,67201.0,34402669.0,3283664.0,76705.0,3441075571.0,17798526.0,7947215.0,7683704.0,275849.0,549590.0,112737684.0,264893.0,10108280.0,10155909.0,201679.0,5714215.0,63101.0,531905.0,7466792.0,14858.0,3936527.0,1434061.0,159432717.0,19068.0,289452.0,8474822.0,9816584.0,5898964.0,10317901.0,13230978.0,28860734.0,376409.0,30521.0,3135017.0,6781057.0,142867.0,14166346.0,1230020026.0,35758978.0,462280.0,2632345.0,19081.0,3458829.0,13735438.0,4657800.0,10838461.0,145132.0,837104.0,10360964.0,40252973.0,5211334.0,622364.0,71044.0,7683707.0,11207999.0,61095804.0,5561916.0,479099.0,2218436.0,1457090.0,907622.0,55180993.0,727366460.0,45848.0,2384.0,765607.0,5097090.0,57587122.0,133186.0,214196.0,1057252.0,1094219.0,5097126.0,80832928.0,16561677.0,28605.0,10644939.0,55817.0,99345.0,401066.0,142806.0,10172303.0,7081119.0,1066345.0,758896.0,7602318.0,5548969.0,5999619.0,10357586.0,265140.0,945601828.0,193917458.0,60590608.0,19539348.0,3567918.0,71662.0,5105571.0,57213538.0,2509042.0,126053127.0,4410357.0,16022224.0,26950508.0,76668.0,1659304.0,4518808.0,4735837.0,2543632.0,3403359.0,1861323.0,1986491.0,4854871.0,30415.0,3649142.0,402435.0,377805.0,13066544.0,9745695.0,19977508.0,248582.0,9334893.0,373754.0,50214.0,366254.0,2255520.0,1114146.0,117470.0,90156396.0,106030.0,4358790.0,30436.0,2280475.0,620076.0,10362.0,26584473.0,14948050.0,43383421.0,1591826.0,10496.0,21040899.0,15369121.0,,188366.0,3623272.0,4559010.0,9168316.0,105293701.0,2201.0,449318541.0,21577979.0,1981713.0,45361.0,4341616.0,28979990.0,2148416.0,120362764.0,16735.0,2501973.0,2684117.0,5065664.0,4666096.0,23851405.0,68180846.0,38389469.0,10045032.0,3536806.0,507044.0,660565.0,23115814.0,148349443.0,5936253.0,6183.0,6305.0,41618.0,145080.0,28482.0,6416.0,108059.0,168689.0,25588.0,129425.0,18214475.0,8461066.0,9861631.0,75444.0,4309780.0,3415701.0,30950.0,5362894.0,1995326.0,349273.0,7372592.0,40564061.0,316958269.0,44820070.0,5111371.0,39660079.0,18094474.0,23338465.0,435099.0,,8798235.0,6938407.0,13950486.0,21207424.0,5679169.0,28792649.0,58875275.0,827828.0,4120615.0,1524.0,95739.0,1249527.0,8967916.0,57564209.0,4115104.0,15399.0,9259.0,19793541.0,51147771.0,2294377.0,57763382.0,262241204.0,106642.0,3201149.0,22336202.0,164128.0,777.0,21474553.0,73651220.0,14056.0,247259.0,5663150426.0,14297617.0,8869745.0,11261752.0
18110662.0,717270112.0,3112923.0,28757788.0,53158.0,63860.0,13945205.0,9868.0,68672.0,34828168.0,3217349.0,80324.0,3492231607.0,17993083.0,7990113.0,7775418.0,280179.0,563698.0,115169933.0,265955.0,10077606.0,10186304.0,206962.0,5905552.0,63439.0,534629.0,7622334.0,15101.0,3829049.0,1469173.0,162019889.0,19307.0,297112.0,8379305.0,10089880.0,5987044.0,10656145.0,13599984.0,29164153.0,386288.0,32161.0,3222662.0,7010159.0,143480.0,14380864.0,1240920539.0,36421438.0,475394.0,2707532.0,19105.0,3545524.0,14199759.0,4616763.0,10888246.0,143880.0,855391.0,10358190.0,41576239.0,5232709.0,630385.0,71105.0,7819239.0,11455205.0,62334025.0,5628602.0,496768.0,2204227.0,1433026.0,926836.0,57047906.0,727849824.0,45625.0,2501.0,775428.0,5119012.0,57801887.0,137400.0,218064.0,1084951.0,1128577.0,4976252.0,81138653.0,17014058.0,28688.0,10745502.0,55810.0,100286.0,403731.0,145559.0,10408486.0,7269631.0,1088850.0,761298.0,7744509.0,5709010.0,6084234.0,10349308.0,267627.0,963922586.0,196934257.0,61442658.0,20149342.0,3592180.0,72133.0,5271368.0,57174412.0,2533705.0,126365486.0,4588842.0,15839357.0,27768297.0,77716.0,1605907.0,4566096.0,4846477.0,2508476.0,3528379.0,1898598.0,2044657.0,4948796.0,30884.0,3626609.0,408145.0,385517.0,13475403.0,9844418.0,20487604.0,254144.0,9585660.0,376893.0,50454.0,368728.0,2313630.0,1128676.0,123186.0,91663290.0,107535.0,4340602.0,30731.0,2298017.0,620419.0,9848.0,26994255.0,15483277.0,43901598.0,1627866.0,10626.0,21576074.0,15467852.0,,193296.0,3674940.0,4652185.0,9490289.0,107948339.0,2161.0,455163076.0,21862300.0,1983259.0,45872.0,4366996.0,29389629.0,2204267.0,123776835.0,17158.0,2618671.0,2739667.0,5187063.0,4776838.0,24299168.0,69784087.0,38458642.0,10091322.0,3567691.0,513447.0,673543.0,22964747.0,148227471.0,5836490.0,6365.0,6244.0,42077.0,146871.0,27320.0,6389.0,108043.0,170050.0,25925.0,131679.0,18638790.0,8690155.0,9884145.0,76653.0,4303953.0,3525964.0,31164.0,5375470.0,1991126.0,359276.0,7491647.0,41435761.0,322302316.0,45292521.0,5118084.0,39787413.0,18242917.0,24094741.0,441851.0,,8836421.0,6995519.0,14345491.0,21356025.0,5764806.0,29649128.0,59467272.0,844333.0,4226293.0,1507.0,95972.0,1254200.0,9125400.0,58486453.0,4207841.0,16221.0,9298.0,20413157.0,50903783.0,2415099.0,57932450.0,265163740.0,107388.0,3224275.0,22791033.0,168161.0,778.0,21931087.0,74910462.0,14147.0,255635.0,5744212929.0,14913313.0,9096608.0,11410721.0
18853444.0,735361106.0,3098699.0,29266415.0,54209.0,64363.0,14400722.0,10117.0,70176.0,35246376.0,3168213.0,83211.0,3542977808.0,18189274.0,8017852.0,7855558.0,283980.0,578661.0,117649927.0,267047.0,10044854.0,10208265.0,213660.0,6094272.0,63770.0,541471.0,7779268.0,15163.0,3764419.0,1504724.0,164614682.0,19508.0,304620.0,8291969.0,10372734.0,6060110.0,10982919.0,13970812.0,29457820.0,395533.0,34065.0,3308235.0,7250974.0,144348.0,14587367.0,1251636178.0,37076387.0,488625.0,2785815.0,18948.0,3632361.0,14665125.0,4574888.0,10939285.0,141970.0,873426.0,10350302.0,42757239.0,5254857.0,643649.0,70933.0,7952766.0,11703169.0,63601632.0,5689943.0,515844.0,2196467.0,1417741.0,945506.0,58883531.0,727893714.0,45624.0,2593.0,784389.0,5136984.0,58012055.0,141786.0,222323.0,1112944.0,1164091.0,4846627.0,81323666.0,17462504.0,28970.0,10832139.0,55830.0,101003.0,407784.0,148061.0,10646676.0,7463782.0,1110835.0,760801.0,7887312.0,5874814.0,6185584.0,10332451.0,270144.0,982365248.0,199901231.0,62294919.0,20783073.0,3619633.0,72884.0,5424241.0,57065231.0,2558631.0,126644099.0,4732848.0,15631926.0,28589456.0,78904.0,1626858.0,4629403.0,4951189.0,2478832.0,3610663.0,1934294.0,2160480.0,5036173.0,31354.0,3603756.0,413999.0,393376.0,13902697.0,10022783.0,21017619.0,259178.0,9837575.0,380259.0,50523.0,371913.0,2372900.0,1141952.0,128752.0,93147045.0,108311.0,4316225.0,31001.0,2316571.0,619705.0,9014.0,27383472.0,15960445.0,44452203.0,1663378.0,10677.0,22090352.0,15563252.0,,198237.0,3717352.0,4741571.0,9826600.0,110668784.0,2124.0,461221136.0,22113428.0,1989441.0,47518.0,4393217.0,29796471.0,2236652.0,127349293.0,17599.0,2742534.0,2796291.0,5314258.0,4887638.0,24753825.0,71401743.0,38509672.0,10134016.0,3596099.0,522530.0,686462.0,22805706.0,148020852.0,6013112.0,6560.0,6200.0,42472.0,148837.0,26854.0,6375.0,107983.0,171165.0,26253.0,133799.0,19033843.0,8912872.0,9856064.0,77597.0,4312660.0,3638177.0,31434.0,5384792.0,1988580.0,369517.0,7682683.0,42241007.0,327635132.0,45751023.0,5221925.0,39908962.0,18367290.0,24782384.0,448207.0,,8859180.0,7038027.0,14754148.0,21488994.0,5851354.0,30444523.0,60130190.0,855358.0,4348808.0,1522.0,96267.0,1257547.0,9267335.0,59423278.0,4287337.0,16930.0,9317.0,21032817.0,50580467.0,2539121.0,58113554.0,268335007.0,107939.0,3247383.0,23225303.0,171721.0,784.0,22385650.0,76068739.0,14255.0,264106.0,5824891927.0,15469274.0,9339740.0,11541215.0
19357126.0,753737584.0,3099747.0,29742980.0,55227.0,64318.0,14871572.0,10388.0,71707.0,35657438.0,3133081.0,85450.0,3593141515.0,18387205.0,8032873.0,7925668.0,287363.0,594927.0,120160571.0,268183.0,10009393.0,10223785.0,221575.0,6281644.0,64092.0,551713.0,7937453.0,15082.0,3736070.0,1540424.0,167209046.0,19660.0,311962.0,8211804.0,10665552.0,6122130.0,11298594.0,14344444.0,29742378.0,404248.0,36155.0,3392432.0,7503494.0,145387.0,14786227.0,1261996017.0,37723803.0,501955.0,2867283.0,18653.0,3718952.0,15130674.0,4532405.0,10989730.0,139534.0,891190.0,10338346.0,43827191.0,5277713.0,660858.0,70592.0,8084407.0,11951457.0,64892269.0,5746288.0,536459.0,2195192.0,1409678.0,963416.0,60697443.0,727560614.0,45789.0,2688.0,792736.0,5151740.0,58220657.0,146331.0,226854.0,1141332.0,1200522.0,4709596.0,81399250.0,17908977.0,29404.0,10906248.0,55873.0,101567.0,412739.0,150303.0,10887637.0,7662071.0,1132505.0,757975.0,8030721.0,6045704.0,6299912.0,10308479.0,272709.0,1000900028.0,202826444.0,63136309.0,21439579.0,3651096.0,73851.0,5566551.0,56903633.0,2583914.0,126892745.0,4848536.0,15406005.0,29415660.0,80188.0,1710257.0,4705651.0,5050308.0,2453310.0,3658425.0,1968054.0,2326210.0,5118008.0,31830.0,3579911.0,419979.0,401353.0,14347860.0,10264906.0,21562790.0,263836.0,10094363.0,383756.0,50453.0,375640.0,2433567.0,1154141.0,134206.0,94611008.0,108473.0,4286477.0,31268.0,2335744.0,618216.0,7927.0,27754573.0,16397175.0,45027223.0,1698029.0,10643.0,22584772.0,15655482.0,,203185.0,3752355.0,4827658.0,10178196.0,113457661.0,2069.0,467453761.0,22335263.0,1999588.0,50052.0,4420266.0,30201872.0,2249759.0,131057432.0,18016.0,2872006.0,2853907.0,5446633.0,4998096.0,25210957.0,73030879.0,38544838.0,10174564.0,3621900.0,535320.0,699307.0,22637600.0,147730020.0,6419898.0,6764.0,6185.0,42857.0,150920.0,26910.0,6366.0,107895.0,172065.0,26563.0,135831.0,19407138.0,9130876.0,9784689.0,78357.0,4335295.0,3752131.0,31731.0,5391202.0,1987457.0,379998.0,7936122.0,42987456.0,332943537.0,46196056.0,5411653.0,40035286.0,18470897.0,25413912.0,454165.0,,8868857.0,7068503.0,15175308.0,21608309.0,5938404.0,31192853.0,60846588.0,861870.0,4485945.0,1547.0,96621.0,1259838.0,9395119.0,60372571.0,4355125.0,17566.0,9328.0,21655392.0,50187280.0,2671361.0,58307320.0,271713634.0,108313.0,3270158.0,23640487.0,174917.0,787.0,22837743.0,77133212.0,14351.0,272843.0,5905045647.0,15975676.0,9597610.0,11653254.0
19737770.0,772437161.0,3110699.0,30192750.0,56180.0,64140.0,15359600.0,10684.0,73219.0,36063451.0,3108691.0,87280.0,3642754205.0,18587027.0,8041054.0,7989903.0,290600.0,613697.0,122682818.0,269334.0,9969986.0,10237298.0,230248.0,6470275.0,64390.0,564378.0,8096761.0,14889.0,3734338.0,1575827.0,169785253.0,19820.0,319135.0,8137669.0,10968722.0,6185564.0,11600510.0,14723772.0,30022078.0,412513.0,38330.0,3475485.0,7770053.0,146500.0,14977736.0,1271982349.0,38364307.0,515381.0,2951651.0,18313.0,3803893.0,15589407.0,4491906.0,11038706.0,136868.0,908710.0,10323244.0,44849968.0,5300380.0,680465.0,70183.0,8214427.0,12198449.0,66200259.0,5797764.0,558496.0,2206439.0,1406350.0,979922.0,62507724.0,727050549.0,46094.0,2769.0,800148.0,5164236.0,58444245.0,151245.0,231562.0,1170061.0,1238124.0,4575396.0,81402671.0,18357159.0,29945.0,10970121.0,55951.0,102023.0,417621.0,152274.0,11133502.0,7860772.0,1154372.0,753778.0,8174680.0,6220405.0,6416996.0,10279610.0,275294.0,1019483586.0,205724597.0,63971836.0,22114330.0,3687821.0,74936.0,5699279.0,56742755.0,2608874.0,127117436.0,4943975.0,15190168.0,30250488.0,81558.0,1831121.0,4786772.0,5144601.0,2430546.0,3693514.0,1997524.0,2517472.0,5196774.0,32305.0,3555140.0,425828.0,409620.0,14808791.0,10552345.0,22114647.0,268445.0,10360564.0,387282.0,50356.0,379639.0,2496217.0,1165292.0,139575.0,96056313.0,108206.0,4254835.0,31554.0,2355667.0,616340.0,6745.0,28110447.0,16813946.0,45611220.0,1731635.0,10567.0,23057875.0,15745650.0,,208065.0,3783976.0,4910642.0,10545720.0,116319763.0,2009.0,473738721.0,22536754.0,2012052.0,52999.0,4447485.0,30607344.0,2251859.0,134843233.0,18409.0,3000624.0,2912318.0,5581767.0,5107840.0,25658070.0,74672009.0,38564191.0,10214046.0,3643672.0,551566.0,712000.0,22466291.0,147360613.0,6962800.0,6975.0,6166.0,43225.0,153023.0,27388.0,6350.0,107807.0,172839.0,26851.0,137855.0,19783301.0,9347777.0,9685430.0,79064.0,4381484.0,3860721.0,32043.0,5395253.0,1987384.0,390702.0,8235064.0,43682259.0,338199117.0,46620698.0,5661934.0,40201561.0,18564595.0,26015518.0,459838.0,,8870854.0,7091775.0,15599588.0,21721513.0,6027395.0,31924201.0,61585103.0,866523.0,4632451.0,1569.0,97036.0,1261699.0,9509862.0,61329665.0,4413477.0,18228.0,9332.0,22290787.0,49746523.0,2813214.0,58509972.0,275175309.0,108551.0,3291053.0,24036017.0,177987.0,786.0,23288567.0,78115712.0,14463.0,283072.0,5984794072.0,16450306.0,9866474.0,11747079.0
20170847.0,791504165.0,3122700.0,30623406.0,57049.0,64367.0,15866871.0,10979.0,74674.0,36467218.0,3089020.0,89009.0,3691810055.0,18788187.0,8051116.0,8054126.0,294063.0,636540.0,125189655.0,270455.0,9924440.0,10255161.0,238979.0,6664102.0,64703.0,577886.0,8257066.0,14632.0,3743353.0,1610260.0,172318674.0,20026.0,326214.0,8067005.0,11282696.0,6267132.0,11886464.0,15112598.0,30302511.0,420456.0,40423.0,3558019.0,8053532.0,147553.0,15162801.0,1281514833.0,38999468.0,528853.0,3038432.0,18042.0,3885428.0,16032573.0,4456446.0,11084673.0,134302.0,926049.0,10306404.0,45919615.0,5321771.0,699973.0,69828.0,8343288.0,12442109.0,67515591.0,5844834.0,581765.0,2237412.0,1403784.0,994105.0,64343008.0,726631490.0,46428.0,2831.0,806302.0,5175921.0,58704381.0,156811.0,236217.0,1199058.0,1277118.0,4456652.0,81389935.0,18812369.0,30526.0,11027899.0,56052.0,102429.0,421035.0,153955.0,11387208.0,8054745.0,1177133.0,749676.0,8319070.0,6397140.0,6522461.0,10249407.0,277868.0,1038058154.0,208615171.0,64800875.0,22802061.0,3731472.0,75996.0,5824944.0,56655629.0,2632677.0,127326063.0,5031754.0,15020573.0,31098763.0,82969.0,1951642.0,4861121.0,5235339.0,2408088.0,3747762.0,2019732.0,2699708.0,5275921.0,32765.0,3529189.0,431263.0,418388.0,15282524.0,10854325.0,22661293.0,273522.0,10642937.0,390626.0,50418.0,383527.0,2561584.0,1175571.0,144930.0,97484823.0,107769.0,4225835.0,31836.0,2376228.0,614652.0,5693.0,28455504.0,17244176.0,46181075.0,1763861.0,10449.0,23509971.0,15835525.0,,212782.0,3818128.0,4991041.0,10929922.0,119260055.0,1953.0,479907387.0,22731470.0,2024393.0,55633.0,4474008.0,31014222.0,2254898.0,138624625.0,18773.0,3119868.0,2971197.0,5716166.0,5216346.0,26078295.0,76325927.0,38567868.0,10254501.0,3659730.0,570486.0,724484.0,22298122.0,146915915.0,7501238.0,7196.0,6125.0,43622.0,154988.0,28122.0,6324.0,107763.0,173606.0,27141.0,139964.0,20194531.0,9568717.0,9580824.0,79904.0,4462374.0,3954741.0,32320.0,5397709.0,1987625.0,401592.0,8553595.0,44338551.0,343364515.0,47016952.0,5933884.0,40454472.0,18663293.0,26626512.0,465380.0,,8873105.0,7115031.0,16013992.0,21838635.0,6119664.0,32682240.0,62298569.0,873138.0,4780455.0,1574.0,97475.0,1263927.0,9613587.0,62287391.0,4466133.0,19069.0,9344.0,22952406.0,49288739.0,2966029.0,58715859.0,278548148.0,108675.0,3308005.0,24412051.0,181259.0,788.0,23739835.0,79035871.0,14580.0,296508.0,6064239030.0,16921157.0,10140564.0,11822722.0
20779957.0,810984230.0,3129246.0,31042238.0,57816.0,65390.0,16395476.0,11247.0,76007.0,36870796.0,3069597.0,90866.0,3740320064.0,18991434.0,8069276.0,8122743.0,298045.0,664610.0,127657862.0,271511.0,9871635.0,10282046.0,247310.0,6865946.0,65016.0,591014.0,8418270.0,14387.0,3751176.0,1643333.0,174790339.0,20313.0,333166.0,7997951.0,11607951.0,6378871.0,12155241.0,15513944.0,30588379.0,428178.0,42305.0,3640421.0,8355654.0,148439.0,15342350.0,1290550767.0,39629965.0,542358.0,3127420.0,17935.0,3962369.0,16454660.0,4428075.0,11126423.0,132147.0,943288.0,10289374.0,47105830.0,5341192.0,717577.0,69650.0,8471317.0,12681123.0,68831561.0,5887930.0,606180.0,2292413.0,1399111.0,1005432.0,66224808.0,726503736.0,46738.0,2893.0,811011.0,5187953.0,59015092.0,163163.0,240681.0,1228359.0,1317708.0,4362184.0,81400883.0,19278850.0,31081.0,11082103.0,56177.0,102837.0,422048.0,155323.0,11650744.0,8240735.0,1201305.0,746718.0,8463802.0,6574510.0,6606328.0,10220509.0,280439.0,1056575548.0,211513822.0,65623397.0,23497589.0,3783095.0,76942.0,5945949.0,56692178.0,2654698.0,127524168.0,5122495.0,14922724.0,31964557.0,84405.0,2045123.0,4920712.0,5323701.0,2384150.0,3842774.0,2032805.0,2848447.0,5357893.0,33184.0,3501842.0,436106.0,427772.0,15766806.0,11148751.0,23194252.0,279396.0,10946448.0,393649.0,50754.0,387016.0,2630217.0,1185147.0,150331.0,98899845.0,107405.0,4202659.0,32148.0,2397417.0,613558.0,4925.0,28793672.0,17711925.0,46719698.0,1794583.0,10335.0,23941099.0,15926188.0,280398.0,217263.0,3858992.0,5069310.0,11331561.0,122283853.0,1902.0,486124198.0,22929078.0,2034823.0,57453.0,4499375.0,31425087.0,2267973.0,142343583.0,19104.0,3224009.0,3030333.0,5847590.0,5323202.0,26459944.0,77991757.0,38556699.0,10297117.0,3668955.0,592467.0,736714.0,22137423.0,146404890.0,7933688.0,7416.0,6054.0,44083.0,156737.0,28935.0,6298.0,107787.0,174454.0,27460.0,142264.0,20663840.0,9797731.0,9487612.0,80998.0,4584570.0,4028872.0,32564.0,5399207.0,1987710.0,412665.0,8872250.0,44967713.0,348411890.0,47379237.0,6199396.0,40824745.0,18777606.0,27275019.0,470944.0,2420.0,8881642.0,7143764.0,16410847.0,21966528.0,6216329.0,33499177.0,62952639.0,884366.0,4924406.0,1550.0,97962.0,1267159.0,9708347.0,63240196.0,4516128.0,20171.0,9392.0,23650159.0,48838058.0,3134067.0,58923305.0,281710914.0,108730.0,3319734.0,24769955.0,184964.0,790.0,24192449.0,79910411.0,14697.0,314116.0,6143776621.0,17409071.0,10415942.0,11881482.0
21606992.0,830902539.0,3129701.0,31451513.0,58496.0,67344.0,16945753.0,11520.0,77212.0,37275644.0,3050686.0,92892.0,3788325086.0,19194676.0,8097755.0,8197295.0,302618.0,697550.0,130088709.0,272494.0,9811399.0,10319026.0,255068.0,7076728.0,65330.0,603643.0,8580244.0,14131.0,3755514.0,1674674.0,177196051.0,20675.0,340037.0,7930700.0,11944589.0,6525546.0,12405411.0,15928910.0,30880072.0,435701.0,43934.0,3722016.0,8678049.0,149097.0,15516112.0,1299129747.0,40255956.0,555895.0,3217930.0,18017.0,4034074.0,16853027.0,4408073.0,11164676.0,130405.0,960274.0,10271019.0,48428534.0,5358059.0,733019.0,69671.0,8598599.0,12914660.0,70152662.0,5927001.0,631662.0,2374721.0,1391739.0,1013608.0,68159422.0,726734626.0,46999.0,2927.0,813923.0,5200475.0,59384126.0,170443.0,244929.0,1258008.0,1360070.0,4296981.0,81453894.0,19756929.0,31604.0,11134447.0,56336.0,103242.0,420248.0,156395.0,11924941.0,8417082.0,1227105.0,745206.0,8608810.0,6751912.0,6664775.0,10193451.0,282910.0,1075000094.0,214427419.0,66449111.0,24208178.0,3842253.0,77707.0,6060679.0,56875148.0,2674706.0,127713824.0,5217328.0,14910207.0,32848569.0,85844.0,2103273.0,4962839.0,5409584.0,2358689.0,3990999.0,2035738.0,2953928.0,5443249.0,33543.0,3473623.0,440197.0,437928.0,16260933.0,11432001.0,23709115.0,286309.0,11271603.0,396324.0,51411.0,389984.0,2702405.0,1193911.0,155756.0,100298152.0,107170.0,4187096.0,32473.0,2419594.0,613170.0,4528.0,29126323.0,18221884.0,47225119.0,1823667.0,10219.0,24347113.0,16018112.0,283512.0,221499.0,3907941.0,5145367.0,11751364.0,125394046.0,1843.0,491771508.0,23132982.0,2042844.0,58319.0,4523139.0,31837552.0,2294959.0,145978408.0,19390.0,3309908.0,3089641.0,5974627.0,5428442.0,26799289.0,79672869.0,38529585.0,10341456.0,3670308.0,615013.0,748653.0,21989354.0,145830726.0,8231150.0,7658.0,5944.0,44602.0,158184.0,29847.0,6255.0,107893.0,175394.0,27818.0,144760.0,21202646.0,10036102.0,9410769.0,82413.0,4754069.0,4077150.0,32782.0,5399995.0,1987457.0,423949.0,9186719.0,45571272.0,353333490.0,47706226.0,6447791.0,41319431.0,18911727.0,27971077.0,476574.0,2418.0,8897802.0,7179174.0,16766555.0,22108715.0,6318510.0,34385849.0,63539190.0,901214.0,5062571.0,1506.0,98482.0,1271627.0,9793915.0,64192243.0,4564087.0,21578.0,9478.0,24388974.0,48401648.0,3302722.0,59124277.0,284607992.0,108689.0,3325471.0,25108554.0,189209.0,792.0,24646471.0,80742500.0,14835.0,336647.0,6222912459.0,17918369.0,10692197.0,11923906.0
22600774.0,851298437.0,3126183.0,31855110.0,59077.0,70048.0,17519418.0,11756.0,78298.0,37681743.0,3033976.0,94992.0,3835903280.0,19401366.0,8134403.0,8277065.0,307657.0,735140.0,132478076.0,273423.0,9745932.0,10364879.0,262387.0,7295400.0,65652.0,616025.0,8742822.0,13882.0,3759389.0,1704637.0,179537523.0,21128.0,346777.0,7866242.0,12293097.0,6704118.0,12637719.0,16357605.0,31178260.0,442955.0,45347.0,3802129.0,9019226.0,149591.0,15684413.0,1307352256.0,40875363.0,569480.0,3310376.0,18274.0,4100921.0,17231539.0,4395802.0,11199664.0,129082.0,976968.0,10252264.0,49871670.0,5372798.0,746947.0,69840.0,8724974.0,13143465.0,71485044.0,5962139.0,658388.0,2481059.0,1382737.0,1019054.0,70142090.0,727291447.0,47235.0,2944.0,815257.0,5213368.0,59803434.0,178548.0,248976.0,1288310.0,1404263.0,4258573.0,81535124.0,20246376.0,32097.0,11182308.0,56518.0,103636.0,416132.0,157173.0,12208854.0,8586077.0,1254454.0,744789.0,8754148.0,6929267.0,6701771.0,10167286.0,285329.0,1093317187.0,217357790.0,67284801.0,24931922.0,3907995.0,78318.0,6169311.0,57182521.0,2692843.0,127893075.0,5317514.0,14976184.0,33751746.0,87308.0,2136991.0,4991478.0,5493247.0,2332528.0,4182205.0,2029832.0,3024727.0,5531097.0,33885.0,3444777.0,443727.0,448813.0,16765122.0,11713663.0,24208391.0,294185.0,11616890.0,398720.0,52368.0,392500.0,2778097.0,1201805.0,161204.0,101684764.0,107027.0,4178228.0,32804.0,2443261.0,613371.0,4431.0,29454765.0,18764147.0,47702163.0,1851519.0,10102.0,24725625.0,16110355.0,286625.0,225482.0,3963202.0,5219324.0,12189988.0,128596079.0,1795.0,497173033.0,23339453.0,2048929.0,58412.0,4546017.0,32254898.0,2334860.0,149549695.0,19642.0,3380161.0,3149195.0,6098621.0,5531958.0,27100964.0,81365260.0,38488640.0,10385993.0,3664321.0,640872.0,760250.0,21853278.0,145215707.0,8427061.0,7902.0,5799.0,45168.0,159392.0,30913.0,6207.0,108095.0,176410.0,28175.0,147450.0,21805322.0,10283694.0,9346464.0,84077.0,4965770.0,4104407.0,32990.0,5400124.0,1987265.0,435434.0,9501335.0,46150913.0,358133213.0,47999551.0,6688225.0,41919593.0,19062476.0,28704786.0,482228.0,2416.0,8920703.0,7220378.0,17084628.0,22262297.0,6426861.0,35334790.0,64069093.0,922699.0,5197040.0,1438.0,99023.0,1277210.0,9871261.0,65145357.0,4610018.0,23230.0,9593.0,25167261.0,47980033.0,3478769.0,59326294.0,287279312.0,108556.0,3326046.0,25431116.0,193927.0,792.0,25100407.0,81534406.0,14991.0,363225.0,6302062210.0,18443684.0,10971704.0,11954293.0
23680871.0,872248336.0,3118017.0,32264159.0,59495.0,73180.0,18121477.0,11993.0,79311.0,38087866.0,3017938.0,97016.0,3883141056.0,19624163.0,8175855.0,8361433.0,313123.0,778708.0,134791598.0,274331.0,9679235.0,10419029.0,269428.0,7520556.0,65936.0,627840.0,8905820.0,13755.0,3762179.0,1734387.0,181809244.0,21674.0,353295.0,7804306.0,12654624.0,6909161.0,12856171.0,16800869.0,31488046.0,449925.0,46624.0,3881185.0,9373913.0,150070.0,15849649.0,1315303522.0,41483872.0,583213.0,3406915.0,18609.0,4164053.0,17599613.0,4388909.0,11229185.0,128422.0,993562.0,10239131.0,51425583.0,5386968.0,759639.0,70102.0,8850317.0,13369678.0,72826102.0,5994075.0,686670.0,2600972.0,1372904.0,1022796.0,72170581.0,728130218.0,47439.0,2950.0,816078.0,5227106.0,60251591.0,187026.0,252707.0,1319946.0,1449925.0,4238930.0,81614371.0,20750308.0,32555.0,11218879.0,56707.0,104003.0,410868.0,157723.0,12500479.0,8753097.0,1283297.0,745142.0,8900108.0,7106323.0,6724687.0,10141341.0,287955.0,1111523146.0,220309473.0,68122947.0,25644503.0,3980077.0,78878.0,6278374.0,57564589.0,2709438.0,128058368.0,5434036.0,15100045.0,34678781.0,88840.0,2161626.0,5013538.0,5576640.0,2305845.0,4388378.0,2018355.0,3077055.0,5620545.0,34172.0,3414367.0,447317.0,460157.0,17279139.0,12000183.0,24698821.0,302681.0,11982692.0,400858.0,53465.0,394534.0,2857150.0,1208992.0,166715.0,103081020.0,106902.0,4173276.0,33144.0,2468765.0,614081.0,4533.0,29782884.0,19331097.0,48148907.0,1879113.0,9990.0,25080880.0,16200948.0,289739.0,229251.0,4022074.0,5292115.0,12647983.0,131900633.0,1748.0,502448468.0,23542434.0,2053426.0,57954.0,4570096.0,32691407.0,2386164.0,153093371.0,19812.0,3441868.0,3209056.0,6223378.0,5632983.0,27372217.0,83051970.0,38441821.0,10429615.0,3653660.0,681791.0,771377.0,21720403.0,144610876.0,8557160.0,8137.0,5644.0,45749.0,160530.0,32055.0,6150.0,108322.0,177481.0,28561.0,150405.0,22456645.0,10541470.0,9292232.0,85807.0,5201074.0,4129227.0,33195.0,5399844.0,1987855.0,447016.0,9815412.0,46719203.0,362809670.0,48260901.0,6935665.0,42596455.0,19224036.0,29460517.0,487938.0,2414.0,8951439.0,7268363.0,17415214.0,22419785.0,6541550.0,36337778.0,64549867.0,947110.0,5330629.0,1348.0,99591.0,1283564.0,9945282.0,66089402.0,4655752.0,25008.0,9724.0,25980547.0,47582463.0,3711931.0,59561429.0,289815567.0,108354.0,3323661.0,25749109.0,198960.0,792.0,25551624.0,82301650.0,15098.0,391177.0,6381477292.0,18985001.0,11256740.0,11982219.0
24726689.0,893842786.0,3104893.0,32692153.0,59684.0,76250.0,18758138.0,12230.0,80347.0,38491970.0,3000715.0,98744.0,3930136052.0,19879654.0,8216809.0,8448938.0,318893.0,829846.0,136986429.0,275283.0,9616628.0,10480118.0,276516.0,7750003.0,66156.0,638809.0,9069044.0,13886.0,3764194.0,1765533.0,184006479.0,22329.0,359434.0,7744630.0,13030576.0,7131688.0,13066475.0,17259322.0,31815490.0,456619.0,47899.0,3959883.0,9734761.0,150722.0,16014972.0,1323084639.0,42075953.0,597230.0,3510468.0,18892.0,4225156.0,17970493.0,4383877.0,11250369.0,128713.0,1010410.0,10239444.0,53068869.0,5402754.0,771599.0,70387.0,8974444.0,13596390.0,74172073.0,6023801.0,716949.0,2719809.0,1363570.0,1026287.0,74239508.0,729162659.0,47600.0,2950.0,817864.0,5242175.0,60697977.0,195305.0,255995.0,1353788.0,1496524.0,4225811.0,81646474.0,21272328.0,32930.0,11234993.0,56868.0,104346.0,406068.0,158094.0,12796926.0,8925729.0,1313492.0,745737.0,9047082.0,7282953.0,6744563.0,10114481.0,291102.0,1129623466.0,223285666.0,68951279.0,26313838.0,4058131.0,79515.0,6396511.0,57948421.0,2725017.0,128204183.0,5580241.0,15250016.0,35635267.0,90498.0,2200498.0,5038995.0,5662199.0,2278922.0,4569377.0,2005953.0,3135654.0,5710163.0,34444.0,3381134.0,451822.0,471600.0,17802992.0,12301837.0,25190647.0,311265.0,12369078.0,402820.0,54476.0,396106.0,2939246.0,1215668.0,172345.0,104514934.0,106624.0,4167962.0,33499.0,2496394.0,615137.0,4703.0,30115196.0,19910549.0,48564489.0,1907737.0,9906.0,25419337.0,16287183.0,292853.0,232881.0,4080421.0,5364930.0,13125914.0,135320420.0,1713.0,507773688.0,23732740.0,2057043.0,57240.0,4598210.0,33165766.0,2445524.0,156664698.0,19861.0,3505320.0,3269356.0,6354247.0,5730556.0,27624226.0,84710544.0,38399553.0,10470926.0,3642005.0,753332.0,781861.0,21577890.0,144080649.0,8680516.0,8360.0,5489.0,46323.0,161821.0,33187.0,6118.0,108520.0,178597.0,28942.0,153736.0,23132686.0,10810086.0,9242643.0,87388.0,5433995.0,4177202.0,33342.0,5399374.0,1990226.0,458549.0,10130251.0,47291610.0,367365342.0,48493434.0,7213354.0,43308345.0,19387153.0,30214189.0,493680.0,2412.0,8990653.0,7323728.0,17827827.0,22570229.0,6662391.0,37379766.0,64995303.0,971889.0,5467770.0,1265.0,100214.0,1290115.0,10022278.0,67010929.0,4703396.0,26709.0,9871.0,26821300.0,47217489.0,4068577.0,59872760.0,292354663.0,108100.0,3321486.0,26077614.0,204123.0,795.0,25996594.0,83062819.0,15097.0,416804.0,6461454653.0,19540096.0,11550641.0,12019911.0
25654274.0,916154285.0,3086810.0,33149720.0,59557.0,78871.0,19433604.0,12442.0,81462.0,38892924.0,2981262.0,100028.0,3976958795.0,20178543.0,8253656.0,8538610.0,324848.0,889157.0,139035505.0,276320.0,9562083.0,10546885.0,283798.0,7982223.0,66260.0,648744.0,9232301.0,14399.0,3765332.0,1799077.0,186127108.0,23106.0,365112.0,7686964.0,13421935.0,7364857.0,13273355.0,17733408.0,32164313.0,463034.0,49261.0,4038380.0,10096630.0,151674.0,16182713.0,1330776380.0,42647731.0,611625.0,3622775.0,19070.0,4285504.0,18354513.0,4378066.0,11261586.0,130136.0,1027656.0,10258165.0,54785894.0,5421701.0,783248.0,70580.0,9097262.0,13825839.0,75523576.0,6052124.0,749527.0,2826653.0,1355650.0,1030575.0,76346310.0,730317947.0,47731.0,2950.0,821606.0,5258933.0,61120128.0,202973.0,258779.0,1390550.0,1543745.0,4210158.0,81602739.0,21814648.0,33222.0,11224800.0,56949.0,104658.0,402903.0,158406.0,13096028.0,9109585.0,1344931.0,746156.0,9195289.0,7458982.0,6769579.0,10085942.0,294976.0,1147609924.0,226289468.0,69762345.0,26922279.0,4141218.0,80293.0,6529470.0,58281209.0,2740000.0,128326115.0,5765639.0,15402803.0,36624897.0,92319.0,2270196.0,5075340.0,5751675.0,2251996.0,4698761.0,1996115.0,3218114.0,5798615.0,34718.0,3344259.0,457848.0,482863.0,18336722.0,12625950.0,25690615.0,319604.0,12775509.0,404659.0,55257.0,397191.0,3024198.0,1222010.0,178103.0,106005199.0,106135.0,4159296.0,33842.0,2526429.0,616388.0,4842.0,30455563.0,20493927.0,48949931.0,1938316.0,9848.0,25744500.0,16367153.0,295966.0,236441.0,4135353.0,5438692.0,13624474.0,138865014.0,1688.0,513270901.0,23904167.0,2060280.0,56547.0,4632359.0,33690212.0,2511254.0,160304007.0,19784.0,3577956.0,3330222.0,6494902.0,5824095.0,27866140.0,86326251.0,38368957.0,10508494.0,3631885.0,865410.0,791598.0,21417287.0,143672125.0,8840220.0,8555.0,5354.0,46852.0,163408.0,34252.0,6113.0,108617.0,179722.0,29324.0,157472.0,23816175.0,11090123.0,9193818.0,88652.0,5645629.0,4265693.0,33436.0,5398962.0,1994979.0,469918.0,10446856.0,47880595.0,371804635.0,48701069.0,7535931.0,44019118.0,19544988.0,30949514.0,499461.0,2410.0,9038627.0,7386818.0,18361178.0,22705719.0,6789318.0,38450323.0,65416189.0,995130.0,5611643.0,1213.0,100908.0,1296497.0,10106778.0,67903461.0,4754652.0,28181.0,9997.0,27684590.0,46890775.0,4588222.0,60287953.0,294993509.0,107801.0,3321799.0,26427785.0,209282.0,798.0,26432445.0,83832662.0,14937.0,437516.0,6542205330.0,20107416.0,11856244.0,12076697.0
26433058.0,939210049.0,3063021.0,33641007.0,59109.0,80995.0,20149905.0,12660.0,82715.0,39289876.0,2958301.0,100830.0,4023634376.0,20526300.0,8285344.0,8630153.0,331032.0,958423.0,140921154.0,277475.0,9516884.0,10619484.0,291338.0,8216893.0,66240.0,657404.0,9395449.0,15338.0,3765422.0,1835911.0,188167353.0,24022.0,370262.0,7631020.0,13829173.0,7607850.0,13477705.0,18223677.0,32536994.0,469171.0,50729.0,4118075.0,10457122.0,152999.0,16354507.0,1338408644.0,43200901.0,626427.0,3745143.0,19094.0,4345421.0,18754914.0,4370782.0,11261241.0,132812.0,1045508.0,10298609.0,56578046.0,5444293.0,794554.0,70718.0,9218681.0,14059379.0,76873670.0,6079395.0,784494.0,2918209.0,1349373.0,1036095.0,78489205.0,731594768.0,47793.0,2940.0,827869.0,5277490.0,61508924.0,209891.0,261007.0,1430144.0,1591444.0,4189721.0,81472235.0,22379057.0,33420.0,11185231.0,56968.0,104938.0,401809.0,158649.0,13397022.0,9307421.0,1377582.0,746335.0,9344784.0,7634295.0,6802083.0,10055657.0,299727.0,1165486291.0,229318262.0,70554756.0,27448124.0,4230619.0,81283.0,6680641.0,58542619.0,2754414.0,128422740.0,5991547.0,15551263.0,37649039.0,94341.0,2373661.0,5124379.0,5846075.0,2225063.0,4759760.0,1989933.0,3329211.0,5886874.0,34975.0,3303329.0,465611.0,493804.0,18880265.0,12973693.0,26201954.0,327489.0,13203378.0,406330.0,55765.0,397850.0,3111908.0,1228089.0,184026.0,107560155.0,105374.0,4146264.0,34189.0,2558854.0,617863.0,4890.0,30804689.0,21080108.0,49301049.0,1971318.0,9827.0,26066687.0,16440091.0,299080.0,239924.0,4185881.0,5513757.0,14143969.0,142538305.0,1667.0,518977613.0,24054866.0,2063132.0,55886.0,4672986.0,34271072.0,2580753.0,164022626.0,19545.0,3662421.0,3391673.0,6646891.0,5913212.0,28102055.0,87888675.0,38354447.0,10542837.0,3623783.0,1022704.0,800533.0,21234312.0,143403258.0,9043342.0,8740.0,5261.0,47333.0,165378.0,35240.0,6160.0,108602.0,180874.0,29694.0,161676.0,24498313.0,11382272.0,9145913.0,89528.0,5829240.0,4402324.0,33452.0,5398674.0,2002427.0,481086.0,10763904.0,48489464.0,376122783.0,48880449.0,7907407.0,44728561.0,19695977.0,31661824.0,505292.0,2408.0,9096170.0,7457961.0,19059257.0,22823846.0,6922590.0,39548666.0,65812539.0,1016437.0,5762881.0,1165.0,101714.0,1302552.0,10201211.0,68756809.0,4810114.0,29394.0,10118.0,28571475.0,46607397.0,5300172.0,60821349.0,297758977.0,107466.0,3325403.0,26804067.0,214379.0,795.0,26850190.0,84617545.0,14607.0,452357.0,6623819401.0,20687648.0,12173518.0,12155496.0
27100542.0,963021837.0,3033993.0,34166976.0,58367.0,82682.0,20905360.0,12862.0,84029.0,39684303.0,2932615.0,101226.0,4070151228.0,20916339.0,8313731.0,8724237.0,337387.0,1035924.0,142660381.0,278701.0,9480514.0,10697576.0,299031.0,8454790.0,66126.0,664873.0,9558438.0,16645.0,3762791.0,1875458.0,190130445.0,25050.0,374967.0,7576675.0,14252029.0,7862226.0,13679953.0,18730283.0,32930795.0,475067.0,52280.0,4198004.0,10818031.0,154644.0,16530201.0,1345993891.0,43737512.0,641624.0,3876123.0,18994.0,4404626.0,19171250.0,4362427.0,11251117.0,136579.0,1063708.0,10357535.0,58453687.0,5469920.0,805456.0,70797.0,9338856.0,14296554.0,78232124.0,6105810.0,821686.0,2996540.0,1344295.0,1042651.0,80674343.0,733004672.0,47825.0,2928.0,836185.0,5297741.0,61869229.0,216182.0,262717.0,1472565.0,1639846.0,4166859.0,81277836.0,22963946.0,33524.0,11120371.0,56928.0,105183.0,402405.0,158848.0,13700326.0,9518159.0,1411545.0,746477.0,9495336.0,7808520.0,6840017.0,10024158.0,305181.0,1183209471.0,232374239.0,71336476.0,27911242.0,4324649.0,82406.0,6847148.0,58747862.0,2768229.0,128494050.0,6255290.0,15702112.0,38705934.0,96531.0,2504026.0,5184384.0,5944950.0,2198089.0,4767347.0,1986926.0,3461911.0,5974786.0,35217.0,3258984.0,474917.0,504504.0,19433520.0,13341808.0,26720367.0,335172.0,13651455.0,407854.0,56046.0,398048.0,3202512.0,1233890.0,190098.0,109170503.0,104442.0,4130129.0,34524.0,2593819.0,619554.0,4916.0,31163670.0,21673319.0,49621479.0,2006516.0,9846.0,26382586.0,16506651.0,302193.0,243332.0,4233046.0,5590066.0,14685404.0,146339971.0,1647.0,524838651.0,24188330.0,2065408.0,55215.0,4719403.0,34900926.0,2657162.0,167808106.0,19159.0,3756459.0,3453671.0,6808503.0,5998430.0,28333050.0,89405482.0,38353339.0,10573150.0,3616341.0,1218441.0,808728.0,21034196.0,143266207.0,9273759.0,8870.0,5184.0,47769.0,167644.0,36138.0,6220.0,108516.0,182045.0,30068.0,166297.0,25184589.0,11687078.0,9101189.0,90082.0,5989641.0,4578629.0,33406.0,5398693.0,2012128.0,492133.0,11080122.0,49119766.0,380325055.0,49034813.0,8315144.0,45429071.0,19842044.0,32360619.0,511181.0,2406.0,9162941.0,7536986.0,19878257.0,22927222.0,7062667.0,40681416.0,66182064.0,1036387.0,5920360.0,1143.0,102577.0,1308450.0,10304729.0,69581854.0,4870142.0,30383.0,10219.0,29486335.0,46366347.0,6168846.0,61455154.0,300608425.0,107118.0,3331753.0,27204711.0,219464.0,794.0,27247601.0,85419588.0,14128.0,462210.0,6706251239.0,21282514.0,12502958.0,12255920.0
27722281.0,987623519.0,3002683.0,34730604.0,57490.0,83860.0,21695636.0,13056.0,85394.0,40080159.0,2907615.0,101362.0,4116490551.0,21332293.0,8341525.0,8821869.0,343680.0,1114645.0,144304164.0,279946.0,9452855.0,10778764.0,306822.0,8696915.0,65940.0,671611.0,9721457.0,18163.0,3754261.0,1915636.0,192030362.0,26096.0,379418.0,7524084.0,14689725.0,8126104.0,13883835.0,19252674.0,33337638.0,480846.0,53835.0,4273368.0,11183589.0,156441.0,16708255.0,1353569480.0,44254972.0,657227.0,4011487.0,18808.0,4463123.0,19605568.0,4352639.0,11236975.0,141004.0,1081568.0,10425267.0,60411195.0,5497731.0,816361.0,70829.0,9458079.0,14535740.0,79636081.0,6131767.0,860839.0,3062782.0,1340067.0,1049948.0,82916236.0,734500455.0,47822.0,2932.0,845356.0,5319452.0,62209207.0,221997.0,264064.0,1518538.0,1689288.0,4142648.0,81065751.0,23563832.0,33570.0,11040312.0,56836.0,105457.0,403967.0,159037.0,14006420.0,9738796.0,1446936.0,746815.0,9646570.0,7980955.0,6881861.0,9991867.0,310855.0,1200669762.0,235469755.0,72120608.0,28385739.0,4415871.0,83515.0,7020832.0,58922116.0,2781869.0,128538644.0,6556473.0,15862126.0,39791984.0,98760.0,2656010.0,5254969.0,6046630.0,2171248.0,4764745.0,1987130.0,3607863.0,6058740.0,35469.0,3212867.0,485403.0,515232.0,19996476.0,13727899.0,27236003.0,343448.0,14113578.0,409493.0,56166.0,397664.0,3296237.0,1239262.0,196269.0,110815272.0,103549.0,4112886.0,34860.0,2631899.0,621312.0,4906.0,31536807.0,22276596.0,49929642.0,2043382.0,9880.0,26666581.0,16568105.0,305307.0,246696.0,4278156.0,5667436.0,15250913.0,150269622.0,1633.0,530772206.0,24310143.0,2067309.0,54621.0,4771014.0,35561162.0,2750956.0,171648984.0,18708.0,3856692.0,3516204.0,6976200.0,6081296.0,28562321.0,90901967.0,38356786.0,10595312.0,3608030.0,1436670.0,816325.0,20829521.0,143248764.0,9524532.0,9012.0,5153.0,48178.0,170011.0,36880.0,6286.0,108401.0,183270.0,30434.0,171122.0,25888535.0,12004700.0,9060105.0,90450.0,6133599.0,4775810.0,33424.0,5399362.0,2023049.0,503366.0,11397188.0,49779472.0,384439475.0,49182458.0,8736932.0,46068811.0,19983984.0,33060843.0,517121.0,2404.0,9236433.0,7622826.0,20664037.0,23019042.0,7209924.0,41853944.0,66530979.0,1055428.0,6083417.0,1134.0,103384.0,1314449.0,10414425.0,70418612.0,4935765.0,31200.0,10315.0,30431734.0,46158709.0,7089486.0,62145098.0,303486022.0,106753.0,3340221.0,27626981.0,224700.0,792.0,27635827.0,86243424.0,13576.0,468630.0,6789396380.0,21892149.0,12848531.0,12379553.0
28394806.0,1013045724.0,2973044.0,35333882.0,56675.0,84461.0,22514275.0,13248.0,86743.0,40482786.0,2888094.0,101452.0,4162614712.0,21750852.0,8372657.0,8924383.0,349600.0,1185075.0,145924795.0,281107.0,9433159.0,10859934.0,314655.0,8944713.0,65675.0,678329.0,9884790.0,19648.0,3735945.0,1953495.0,193886505.0,27035.0,383902.0,7473509.0,15141098.0,8397661.0,14093605.0,19789922.0,33746093.0,486667.0,55321.0,4337623.0,11560142.0,158187.0,16886184.0,1361169410.0,44750054.0,673251.0,4145399.0,18602.0,4520739.0,20059147.0,4341261.0,11226711.0,145364.0,1098089.0,10488155.0,62448572.0,5526389.0,827820.0,70848.0,9576736.0,14774412.0,81134789.0,6157678.0,901589.0,3119920.0,1336140.0,1057462.0,85233923.0,736023880.0,47814.0,2921.0,853636.0,5342266.0,62542883.0,227542.0,265256.0,1568925.0,1740277.0,4119490.0,80899961.0,24170943.0,33562.0,10959268.0,56729.0,105787.0,405444.0,159232.0,14316251.0,9964470.0,1483920.0,747718.0,9798046.0,8150780.0,6924642.0,9959439.0,316057.0,1217726217.0,238620554.0,72924833.0,28973157.0,4494572.0,84379.0,7190037.0,59105622.0,2795839.0,128555196.0,6893258.0,16043015.0,40901798.0,100928.0,2821041.0,5334708.0,6148621.0,2144784.0,4813026.0,1990135.0,3754129.0,6133987.0,35723.0,3167270.0,496536.0,526401.0,20569115.0,14128161.0,27735038.0,353391.0,14581427.0,411559.0,56255.0,396561.0,3393408.0,1243996.0,202494.0,112463886.0,102971.0,4097515.0,35223.0,2673794.0,622933.0,4891.0,31929087.0,22894718.0,50250366.0,2081039.0,9945.0,26883531.0,16626379.0,308420.0,250082.0,4323338.0,5745538.0,15843131.0,154324939.0,1622.0,536655895.0,24428340.0,2069030.0,54194.0,4826847.0,36225138.0,2876186.0,175525610.0,18290.0,3957684.0,3579215.0,7144774.0,6163970.0,28792663.0,92414161.0,38351924.0,10604066.0,3596532.0,1654944.0,823529.0,20637995.0,143326904.0,9782770.0,9115.0,5135.0,48599.0,172223.0,37380.0,6343.0,108293.0,184553.0,30825.0,175877.0,26630303.0,12335092.0,9023354.0,90788.0,6272735.0,4966614.0,33650.0,5401149.0,2033807.0,515182.0,11717691.0,50477013.0,388503344.0,49347450.0,9142258.0,46583566.0,20123508.0,33783779.0,523113.0,2402.0,9313085.0,7713902.0,21205873.0,23104542.0,7364752.0,43073830.0,66866834.0,1074286.0,6250840.0,1126.0,103897.0,1320921.0,10525691.0,71321406.0,5007953.0,31933.0,10413.0,31411096.0,45970942.0,7917368.0,62828620.0,306307565.0,106416.0,3349676.0,28065469.0,230244.0,787.0,28031010.0,87092250.0,13071.0,474045.0,6873077808.0,22516464.0,13215142.0,12526964.0
29185511.0,1039304030.0,2948029.0,35977451.0,56084.0,84454.0,23356247.0,13436.0,88030.0,40895751.0,2877314.0,101665.0,4208481106.0,22154687.0,8409945.0,9032465.0,354936.0,1240864.0,147575433.0,282131.0,9420576.0,10938735.0,322465.0,9199254.0,65388.0,685502.0,10048597.0,20941.0,3705478.0,1987106.0,195713637.0,27796.0,388634.0,7425011.0,15605211.0,8675606.0,14312205.0,20341236.0,34147566.0,492644.0,56672.0,4386765.0,11952134.0,159718.0,17062531.0,1368810604.0,45222699.0,689696.0,4273738.0,18392.0,4577371.0,20532944.0,4328163.0,11225833.0,149188.0,1112617.0,10536514.0,64563853.0,5554849.0,840194.0,70877.0,9695117.0,15011114.0,82761244.0,6183877.0,943640.0,3170437.0,1332103.0,1064841.0,87639962.0,737528015.0,47803.0,2902.0,859816.0,5365784.0,62879535.0,232996.0,266449.0,1624146.0,1793199.0,4099095.0,80827001.0,24779614.0,33585.0,10887640.0,56638.0,106227.0,406073.0,159439.0,14630420.0,10192168.0,1522603.0,749430.0,9949318.0,8317467.0,6966324.0,9927380.0,320342.0,1234281163.0,241834226.0,73762519.0,29741977.0,4554330.0,84856.0,7346446.0,59325232.0,2810464.0,128542349.0,7261541.0,16252273.0,42030684.0,102930.0,2991884.0,5422298.0,6249168.0,2118855.0,4953064.0,1995575.0,3891357.0,6197667.0,35996.0,3123825.0,507890.0,538215.0,21151640.0,14539609.0,28208028.0,365730.0,15049352.0,414257.0,56361.0,394666.0,3494200.0,1247953.0,208716.0,114092961.0,102916.0,4086090.0,35609.0,2719902.0,624279.0,4895.0,32343384.0,23531567.0,50600827.0,2118877.0,10009.0,27013207.0,16682927.0,311534.0,253529.0,4370060.0,5824058.0,16464025.0,158503203.0,1622.0,542398372.0,24548840.0,2070737.0,53971.0,4885878.0,36873069.0,3041435.0,179424643.0,17954.0,4055632.0,3642691.0,7310512.0,6248017.0,29027680.0,93966784.0,38329784.0,10596055.0,3579842.0,1856329.0,830507.0,20471860.0,143479273.0,10039338.0,9234.0,5183.0,49011.0,174092.0,37582.0,6361.0,108260.0,185944.0,31221.0,180372.0,27421468.0,12678143.0,8991258.0,91273.0,6415636.0,5131170.0,34166.0,5404293.0,2043336.0,527861.0,12043886.0,51216967.0,392543695.0,49545638.0,9508372.0,46931011.0,20261738.0,34545014.0,529126.0,2400.0,9390157.0,7808674.0,21362541.0,23187556.0,7527397.0,44346532.0,67195032.0,1093517.0,6421674.0,1129.0,103981.0,1328144.0,10635245.0,72326992.0,5087211.0,32658.0,10521.0,32428164.0,45792086.0,8549998.0,63459801.0,309011469.0,106086.0,3359273.0,28515908.0,236216.0,783.0,28439942.0,87967655.0,12686.0,480268.0,6957137521.0,23154854.0,13605986.0,12697728.0
30117411.0,1066409711.0,2928601.0,36661438.0,55755.0,83748.0,24220660.0,13612.0,89250.0,41320497.0,2876536.0,102050.0,4254064787.0,22538002.0,8453501.0,9146277.0,359583.0,1278153.0,149273134.0,282987.0,9415316.0,11013860.0,330236.0,9460829.0,65075.0,693297.0,10212951.0,21998.0,3661173.0,2015406.0,197514541.0,28326.0,393687.0,7378652.0,16081915.0,8958406.0,14541421.0,20906392.0,34539156.0,498858.0,57877.0,4418639.0,12360986.0,160990.0,17233584.0,1376497633.0,45662747.0,706578.0,4394842.0,18200.0,4633086.0,21028652.0,4313098.0,11236671.0,152309.0,1124837.0,10566512.0,66755151.0,5582980.0,853671.0,70912.0,9813219.0,15243885.0,84529251.0,6210567.0,986861.0,3213969.0,1327701.0,1072029.0,90139928.0,738977880.0,47815.0,2863.0,863451.0,5390036.0,63222229.0,238383.0,267702.0,1684629.0,1848142.0,4081012.0,80855629.0,25387713.0,33608.0,10829074.0,56555.0,106786.0,405643.0,159690.0,14948792.0,10420459.0,1562996.0,752029.0,10100320.0,8480670.0,7006598.0,9895689.0,323471.0,1250287939.0,245115988.0,74634959.0,30725305.0,4591115.0,84889.0,7487095.0,59589070.0,2825932.0,128498966.0,7662858.0,16490669.0,43178270.0,104735.0,3168054.0,5517927.0,6347564.0,2093606.0,5202022.0,2003793.0,4017446.0,6247438.0,36299.0,3083402.0,519312.0,550833.0,21743970.0,14962118.0,28650962.0,380493.0,15514593.0,417720.0,56524.0,391886.0,3598646.0,1251074.0,214937.0,115695468.0,103448.0,4079167.0,36025.0,2770357.0,625271.0,4913.0,32781860.0,24187500.0,50990612.0,2156698.0,10069.0,27041220.0,16738190.0,312928.0,257065.0,4418674.0,5903035.0,17114770.0,162805080.0,1618.0,547977698.0,24673392.0,2072484.0,54013.0,4948335.0,37498324.0,3251102.0,183340168.0,17748.0,4149654.0,3706479.0,7472196.0,6333981.0,29264314.0,95570049.0,38286824.0,10569388.0,3559862.0,2035862.0,837336.0,20336718.0,143703027.0,10293333.0,9340.0,5281.0,49442.0,175538.0,37451.0,6323.0,108315.0,187469.0,31655.0,184521.0,28267591.0,13033814.0,8963761.0,91882.0,6563238.0,5263640.0,35050.0,5408932.0,2051277.0,541522.0,12376305.0,52003759.0,396571751.0,49786153.0,9830695.0,47084242.0,20398496.0,35349676.0,535177.0,2400.0,9466705.0,7906988.0,21081814.0,23268760.0,7697507.0,45673520.0,67518379.0,1113154.0,6595939.0,1138.0,103558.0,1336180.0,10741872.0,73443254.0,5174076.0,33371.0,10626.0,33476771.0,45619850.0,8946778.0,64021922.0,311584051.0,105794.0,3368926.0,28977006.0,242658.0,786.0,28887873.0,88871384.0,12463.0,487654.0,7041509491.0,23807586.0,14023199.0,12894323.0
31161378.0,1094343029.0,2914091.0,37383899.0,55669.0,82427.0,25107925.0,13794.0,90407.0,41755188.0,2884239.0,102565.0,4299327145.0,22903951.0,8502230.0,9264684.0,363581.0,1299942.0,151005733.0,283698.0,9417045.0,11085355.0,338001.0,9729254.0,64736.0,701582.0,10377677.0,22840.0,3604972.0,2039551.0,199287292.0,28654.0,398997.0,7334007.0,16571252.0,9245992.0,14780454.0,21485267.0,34922031.0,505241.0,58963.0,4436411.0,12784748.0,162051.0,17400359.0,1384206408.0,46075721.0,723865.0,4510197.0,18009.0,4688003.0,21547188.0,4295869.0,11257112.0,154812.0,1135046.0,10581302.0,69020749.0,5610909.0,868136.0,70954.0,9930916.0,15474099.0,86422240.0,6237922.0,1031191.0,3250104.0,1323163.0,1079285.0,92726982.0,740362612.0,47843.0,2823.0,865065.0,5414769.0,63564224.0,243667.0,268995.0,1749677.0,1905020.0,4064097.0,80972629.0,25996454.0,33653.0,10781119.0,56477.0,107452.0,404446.0,159990.0,15270774.0,10652032.0,1604981.0,755388.0,10250922.0,8640692.0,7046847.0,9864363.0,325642.0,1265780243.0,248451714.0,75539881.0,31890012.0,4608199.0,84534.0,7614946.0,59879469.0,2842128.0,128423571.0,8089963.0,16751523.0,44343469.0,106359.0,3348852.0,5621583.0,6444527.0,2069018.0,5537620.0,2014988.0,4135662.0,6285751.0,36615.0,3045561.0,530855.0,564037.0,22346641.0,15396010.0,29068189.0,397231.0,15979492.0,421809.0,56712.0,388366.0,3706555.0,1253489.0,221147.0,117274156.0,104506.0,4075804.0,36459.0,2824698.0,625931.0,4930.0,33241898.0,24862673.0,51413703.0,2194777.0,10136.0,26989160.0,16791850.0,314322.0,260656.0,4468462.0,5982530.0,17795209.0,167228803.0,1606.0,553416150.0,24800638.0,2074275.0,54306.0,5013716.0,38104732.0,3498031.0,187280125.0,17635.0,4241572.0,3770635.0,7631003.0,6421510.0,29506790.0,97212639.0,38227033.0,10526308.0,3536570.0,2196078.0,843984.0,20227467.0,143993888.0,10549668.0,9446.0,5416.0,49881.0,176654.0,37012.0,6251.0,108435.0,189089.0,32103.0,188394.0,29154906.0,13401990.0,8940116.0,92608.0,6712586.0,5369469.0,36238.0,5414894.0,2057826.0,556066.0,12715487.0,52832659.0,400581563.0,50060639.0,10113648.0,47063059.0,20532599.0,36193781.0,541247.0,2400.0,9542817.0,8008006.0,20438861.0,23346898.0,7874838.0,47053033.0,67835969.0,1133002.0,6773807.0,1163.0,102736.0,1344814.0,10846993.0,74651046.0,5267906.0,34067.0,10744.0,34558700.0,45453805.0,9141598.0,64525300.0,314043885.0,105524.0,3378975.0,29449415.0,249505.0,786.0,29360827.0,89801926.0,12369.0,495773.0,7126144677.0,24473176.0,14465148.0,13115149.0
32269592.0,1123045137.0,2903788.0,38140135.0,55717.0,80770.0,26015786.0,13952.0,91510.0,42196034.0,2897593.0,103165.0,4344187451.0,23254912.0,8556191.0,9385467.0,367162.0,1315029.0,152761413.0,284294.0,9423502.0,11154008.0,345707.0,10004594.0,64381.0,710235.0,10542375.0,23512.0,3542598.0,2062551.0,201035904.0,28850.0,404414.0,7290092.0,17072791.0,9540302.0,15026330.0,22077300.0,35296535.0,511740.0,59933.0,4447945.0,13220433.0,163039.0,17571511.0,1391883335.0,46495492.0,741511.0,4622757.0,17834.0,4742111.0,22087506.0,4276593.0,11282722.0,156790.0,1143866.0,10586529.0,71358804.0,5638152.0,883296.0,71019.0,10048226.0,15707473.0,88404652.0,6266076.0,1076412.0,3281453.0,1319068.0,1086843.0,95385793.0,741688141.0,47901.0,2793.0,865602.0,5438984.0,63893521.0,249049.0,270332.0,1817070.0,1963708.0,4048701.0,81174373.0,26607641.0,33694.0,10740501.0,56412.0,108172.0,402826.0,160415.0,15595821.0,10892821.0,1648259.0,759281.0,10400672.0,8798524.0,7088780.0,9833923.0,327194.0,1280842119.0,251805314.0,76481963.0,33157061.0,4615426.0,83985.0,7734834.0,60166828.0,2858710.0,128314189.0,8518992.0,17026118.0,45519986.0,107887.0,3526382.0,5731312.0,6541302.0,2044950.0,5913016.0,2028528.0,4248337.0,6320350.0,36940.0,3008938.0,542554.0,577368.0,22961259.0,15839287.0,29468923.0,415592.0,16449854.0,426144.0,56933.0,384581.0,3817497.0,1255458.0,227376.0,118827158.0,105922.0,4074585.0,36899.0,2881783.0,626342.0,4932.0,33715705.0,25560752.0,51852464.0,2233506.0,10208.0,26916795.0,16843512.0,315716.0,264239.0,4518519.0,6062462.0,18504287.0,171765819.0,1606.0,558712190.0,24929500.0,2076065.0,54786.0,5079460.0,38695742.0,3764805.0,191260799.0,17603.0,4333521.0,3835447.0,7788388.0,6510273.0,29773986.0,98871558.0,38158043.0,10473025.0,3503865.0,2336579.0,850506.0,20132780.0,144325456.0,10811538.0,9548.0,5583.0,50328.0,177505.0,36458.0,6168.0,108624.0,190712.0,32554.0,192076.0,30052058.0,13782429.0,8918892.0,93397.0,6863975.0,5453732.0,37580.0,5421721.0,2063120.0,571329.0,13063711.0,53687125.0,404561948.0,50345720.0,10355030.0,46930554.0,20663053.0,37072555.0,547295.0,2400.0,9618016.0,8108876.0,19578466.0,23421582.0,8059782.0,48483132.0,68144519.0,1153288.0,6954721.0,1191.0,101768.0,1353708.0,10952949.0,75925454.0,5366376.0,34733.0,10849.0,35694519.0,45286988.0,9197908.0,64984015.0,316400539.0,105304.0,3389436.0,29932630.0,256637.0,786.0,29781046.0,90752593.0,12353.0,504858.0,7210900157.0,25147112.0,14926551.0,13350378.0
33370803.0,1152433617.0,2896307.0,38923688.0,55791.0,79213.0,26941773.0,14114.0,92562.0,42637508.0,2912403.0,103776.0,4388547197.0,23596426.0,8615205.0,9505616.0,370625.0,1336073.0,154517385.0,284825.0,9431742.0,11221225.0,353366.0,10286839.0,64038.0,719053.0,10706517.0,24067.0,3482106.0,2088619.0,202763744.0,28985.0,409778.0,7245648.0,17586029.0,9844301.0,15274506.0,22681853.0,35664338.0,518275.0,60848.0,4464171.0,13663562.0,164107.0,17758969.0,1399453966.0,46967706.0,759390.0,4736965.0,17685.0,4795390.0,22647672.0,4255518.0,11306909.0,158432.0,1152297.0,10591104.0,73767445.0,5664199.0,898707.0,71091.0,10165182.0,15951832.0,90424668.0,6295124.0,1122273.0,3311444.0,1316273.0,1095022.0,98094264.0,742972976.0,47965.0,2787.0,866447.0,5461410.0,64193550.0,254780.0,271713.0,1883801.0,2024037.0,4035310.0,81450370.0,27224480.0,33726.0,10701460.0,56383.0,108900.0,401305.0,161007.0,15923238.0,11150970.0,1692433.0,763371.0,10549007.0,8955579.0,7134668.0,9804991.0,328592.0,1295600768.0,255128076.0,77465769.0,34411949.0,4626852.0,83488.0,7854216.0,60409622.0,2875137.0,128168630.0,8918822.0,17302619.0,46700063.0,109387.0,3690939.0,5844521.0,6639763.0,2021220.0,6261046.0,2043448.0,4359508.0,6362039.0,37219.0,2971498.0,554512.0,590210.0,23589897.0,16289550.0,29866606.0,435018.0,16934213.0,430190.0,57183.0,381142.0,3930894.0,1257351.0,233658.0,120355137.0,107444.0,4073407.0,37320.0,2940111.0,626650.0,4952.0,34192358.0,26286192.0,52280816.0,2273426.0,10289.0,26905982.0,16892517.0,317110.0,267732.0,4567522.0,6142734.0,19240182.0,176404931.0,1607.0,563874425.0,25057793.0,2077780.0,55301.0,5142269.0,39278630.0,4027255.0,195305012.0,17625.0,4428634.0,3901311.0,7946733.0,6599524.0,30090372.0,100513137.0,38091095.0,10418224.0,3453667.0,2459202.0,856960.0,20035928.0,144664837.0,11083629.0,9620.0,5737.0,50776.0,178307.0,36018.0,6073.0,108868.0,192220.0,32941.0,195727.0,30916603.0,14174740.0,8898284.0,94214.0,7017153.0,5525628.0,38872.0,5428798.0,2067487.0,587079.0,13423571.0,54544184.0,408493800.0,50607904.0,10554882.0,46777927.0,20788512.0,37977657.0,553278.0,2400.0,9692137.0,8206003.0,18710711.0,23491976.0,8252827.0,49960563.0,68438748.0,1174333.0,7137997.0,1217.0,101023.0,1362337.0,11063195.0,77229262.0,5466324.0,35371.0,10973.0,36911530.0,45111530.0,9214182.0,65423048.0,318673422.0,105107.0,3400439.0,30426394.0,263888.0,785.0,30042973.0,91713850.0,12338.0,514984.0,7295610265.0,25823488.0,15399793.0,13586710.0
34413603.0,1182438803.0,2890524.0,39728020.0,55806.0,77993.0,27884380.0,14279.0,93571.0,43075416.0,2925559.0,104339.0,4432314335.0,23932499.0,8678667.0,9622741.0,374200.0,1371853.0,156256287.0,285327.0,9439424.0,11287931.0,360926.0,10575962.0,63695.0,727885.0,10869732.0,24571.0,3429362.0,2120716.0,204471759.0,29148.0,414914.0,7199739.0,18110616.0,10160034.0,15521435.0,23298376.0,36026668.0,524740.0,61721.0,4493171.0,14110971.0,165387.0,17969356.0,1406847868.0,47520667.0,777435.0,4856093.0,17581.0,4847805.0,23226148.0,4232874.0,11324777.0,159850.0,1160987.0,10601390.0,76244532.0,5688695.0,913998.0,71175.0,10281675.0,16212022.0,92442549.0,6325121.0,1168575.0,3342818.0,1315330.0,1104038.0,100835453.0,744222365.0,48055.0,2836.0,868632.0,5481128.0,64453194.0,261007.0,273119.0,1947690.0,2085860.0,4024180.0,81787411.0,27849203.0,33742.0,10659737.0,56378.0,109603.0,400260.0,161851.0,16252425.0,11432096.0,1737207.0,767433.0,10695540.0,9112904.0,7185992.0,9777925.0,330237.0,1310152392.0,258383257.0,78492208.0,35572269.0,4652420.0,83232.0,7978496.0,60578489.0,2891024.0,127985139.0,9266573.0,17572010.0,47878339.0,110927.0,3835588.0,5959126.0,6741160.0,1997675.0,6532681.0,2059011.0,4472229.0,6418315.0,37465.0,2931872.0,566741.0,602093.0,24234080.0,16745305.0,30270965.0,454914.0,17438772.0,433559.0,57444.0,378483.0,4046304.0,1259457.0,240011.0,121858251.0,108886.0,4070705.0,37723.0,2998433.0,626957.0,4966.0,34663608.0,27042001.0,52680724.0,2314901.0,10374.0,27015033.0,16938492.0,318504.0,271062.0,4614527.0,6223234.0,20001663.0,181137454.0,1610.0,568911289.0,25183832.0,2079335.0,55779.0,5199827.0,39858693.0,4267341.0,199426953.0,17665.0,4529160.0,3968490.0,8107772.0,6688746.0,30470739.0,102113206.0,38034076.0,10368346.0,3381512.0,2565708.0,863359.0,19925182.0,144985059.0,11369066.0,9696.0,5869.0,51204.0,179131.0,35865.0,5992.0,109135.0,193510.0,33270.0,199439.0,31717676.0,14578450.0,8876777.0,94981.0,7171909.0,5592143.0,39967.0,5435614.0,2071199.0,603133.0,13797204.0,55386369.0,412362689.0,50823087.0,10715657.0,46671919.0,20908024.0,38902948.0,559136.0,2400.0,9764949.0,8296775.0,17997411.0,23557473.0,8454019.0,51482638.0,68714519.0,1196294.0,7323162.0,1247.0,100780.0,1370332.0,11179951.0,78529413.0,5565283.0,35979.0,11099.0,38225447.0,44921636.0,9262896.0,65860149.0,320878312.0,104950.0,3412013.0,30929556.0,271128.0,790.0,30081827.0,92677082.0,12262.0,526211.0,7380117870.0,26497881.0,15879370.0,13814642.0
35383028.0,1213040542.0,2886427.0,40551398.0,55739.0,77295.0,28842482.0,14435.0,94520.0,43508459.0,2936147.0,104865.0,4475437603.0,24262710.0,8747306.0,9736041.0,377923.0,1425793.0,157977151.0,285798.0,9445638.0,11354407.0,368399.0,10872072.0,63360.0,736706.0,11031822.0,25017.0,3386263.0,2159925.0,206163056.0,29355.0,419791.0,7151948.0,18646350.0,10488002.0,15766290.0,23926549.0,36382942.0,531140.0,62564.0,4537683.0,14561658.0,166922.0,18209072.0,1414049353.0,48175048.0,795597.0,4980996.0,17521.0,4899336.0,23822726.0,4208611.0,11335108.0,161055.0,1170189.0,10618868.0,78789130.0,5711346.0,929117.0,71307.0,10397738.0,16491116.0,94447071.0,6356137.0,1215181.0,3376558.0,1316507.0,1113994.0,103603461.0,745441379.0,48173.0,2926.0,872406.0,5497714.0,64667590.0,267824.0,274576.0,2007882.0,2149134.0,4015457.0,82193770.0,28481947.0,33738.0,10615183.0,56408.0,110263.0,399760.0,162948.0,16583079.0,11738434.0,1782434.0,771363.0,10839976.0,9270794.0,7243541.0,9752970.0,332209.0,1324517250.0,261556386.0,79563991.0,36610632.0,4695790.0,83296.0,8108984.0,60663068.0,2906242.0,127763267.0,9554286.0,17830902.0,49051531.0,112529.0,3956862.0,6074327.0,6845848.0,1974265.0,6714281.0,2075041.0,4586788.0,6492160.0,37655.0,2889555.0,579266.0,612824.0,24894370.0,17205253.0,30684652.0,475505.0,17965448.0,436099.0,57723.0,376789.0,4163532.0,1261870.0,246460.0,123333379.0,110215.0,4066013.0,38070.0,3056358.0,627271.0,4978.0,35126274.0,27829930.0,53045199.0,2358044.0,10474.0,27263430.0,16981285.0,319898.0,274190.0,4659265.0,6303970.0,20788789.0,185960244.0,1611.0,573814461.0,25307665.0,2080746.0,56187.0,5250950.0,40435631.0,4479217.0,203631356.0,17718.0,4635644.0,4037073.0,8271766.0,6777878.0,30926036.0,103663812.0,37989218.0,10325540.0,3283121.0,2654379.0,869742.0,19796280.0,145275374.0,11668829.0,9745.0,5958.0,51629.0,180028.0,36061.0,5933.0,109467.0,194540.0,33503.0,203221.0,32443443.0,14993514.0,8853963.0,95711.0,7328846.0,5653625.0,40812.0,5442001.0,2074205.0,619438.0,14185635.0,56207649.0,416164871.0,50983446.0,10832520.0,46634131.0,21021177.0,39847433.0,564883.0,2400.0,9836003.0,8379915.0,17465567.0,23618201.0,8663575.0,53049231.0,68971313.0,1219289.0,7509952.0,1276.0,101143.0,1377563.0,11303942.0,79827868.0,5662371.0,36558.0,11232.0,39649173.0,44713708.0,9360975.0,66297944.0,323015992.0,104829.0,3424139.0,31441753.0,278326.0,791.0,29851249.0,93640435.0,12098.0,538744.0,7464344232.0,27168210.0,16363449.0,14030338.0
36296111.0,1244222269.0,2884169.0,41389174.0,55617.0,76997.0,29816769.0,14588.0,95425.0,43937143.0,2944789.0,105361.0,4517860329.0,24584619.0,8819902.0,9845316.0,381749.0,1494077.0,159685421.0,286229.0,9450233.0,11419752.0,375775.0,11175192.0,63040.0,745563.0,11192853.0,25399.0,3351534.0,2205076.0,207833825.0,29567.0,424481.0,7102452.0,19193236.0,10827010.0,16009413.0,24566070.0,36732091.0,537499.0,63382.0,4596023.0,15016761.0,168666.0,18470435.0,1421021794.0,48909844.0,813890.0,5110701.0,17505.0,4949955.0,24437475.0,4182846.0,11339255.0,161986.0,1179685.0,10641032.0,81398765.0,5732277.0,944100.0,71460.0,10513111.0,16785356.0,96442590.0,6388124.0,1262008.0,3412894.0,1319389.0,1124808.0,106399926.0,746596841.0,48326.0,3074.0,877460.0,5511372.0,64842513.0,275189.0,276108.0,2064812.0,2213900.0,4008723.0,82658409.0,29121464.0,33723.0,10569449.0,56473.0,110874.0,399679.0,164281.0,16914979.0,12067516.0,1828146.0,775218.0,10982367.0,9429016.0,7306315.0,9729822.0,334395.0,1338676779.0,264650968.0,80673888.0,37552789.0,4753281.0,83610.0,8243849.0,60673694.0,2920848.0,127502728.0,9785840.0,18080023.0,50221146.0,114153.0,4056102.0,6189727.0,6953031.0,1951097.0,6819373.0,2091532.0,4702224.0,6580723.0,37805.0,2845419.0,591914.0,622578.0,25570511.0,17670193.0,31104655.0,496398.0,18512429.0,437935.0,58053.0,375946.0,4282582.0,1264497.0,252962.0,124777326.0,111461.0,4059687.0,38392.0,3113788.0,627563.0,4989.0,35581257.0,28649007.0,53382521.0,2402623.0,10577.0,27632682.0,17021343.0,321292.0,277159.0,4702029.0,6384843.0,21602388.0,190873247.0,1612.0,578582963.0,25429816.0,2081996.0,56553.0,5296324.0,41006479.0,4665926.0,207906210.0,17809.0,4747233.0,4106764.0,8438038.0,6867058.0,31444299.0,105172921.0,37953176.0,10288527.0,3163676.0,2724727.0,876131.0,19653966.0,145530091.0,11980960.0,9788.0,6008.0,52036.0,180955.0,36569.0,5885.0,109826.0,195358.0,33671.0,207086.0,33101182.0,15419354.0,8829623.0,96418.0,7488427.0,5708042.0,41444.0,5447903.0,2076395.0,636030.0,14589165.0,57009751.0,419903920.0,51096408.0,10910774.0,46647425.0,21128028.0,40813398.0,570501.0,2400.0,9904895.0,8455797.0,17095669.0,23674546.0,8880270.0,54660345.0,69209817.0,1243260.0,7698476.0,1297.0,102002.0,1384060.0,11433438.0,81116451.0,5757667.0,37116.0,11365.0,41166588.0,44487708.0,9487206.0,66727463.0,325084758.0,104745.0,3436645.0,31959774.0,285499.0,798.0,29402480.0,94600643.0,11894.0,552617.0,7548182589.0,27834811.0,16853608.0,14236599.0
37171922.0,1275921014.0,2882735.0,42228415.0,55461.0,77008.0,30809787.0,14738.0,96282.0,44361150.0,2951741.0,105846.0,4559477874.0,24898153.0,8891383.0,9949537.0,385635.0,1569440.0,161376713.0,286640.0,9452615.0,11482180.0,383071.0,11485035.0,62763.0,754396.0,11353140.0,25709.0,3323929.0,2254067.0,209469320.0,29795.0,428960.0,7051610.0,19751466.0,11175379.0,16249795.0,25216261.0,37074558.0,543764.0,64172.0,4666375.0,15477727.0,170496.0,18729166.0,1427647789.0,49661056.0,832322.0,5244363.0,17519.0,4999443.0,25069226.0,4156407.0,11338146.0,162753.0,1189262.0,10665679.0,84068092.0,5752131.0,958923.0,71626.0,10627147.0,17084359.0,98423602.0,6420740.0,1308966.0,3452797.0,1322913.0,1136274.0,109224410.0,747608696.0,48497.0,3236.0,883490.0,5522585.0,64990512.0,282936.0,277673.0,2119275.0,2280092.0,4002946.0,83124413.0,29767108.0,33715.0,10522244.0,56565.0,111449.0,399848.0,165770.0,17247855.0,12414292.0,1874304.0,779007.0,11123183.0,9587523.0,7371728.0,9707502.0,336712.0,1352642283.0,267670549.0,81800204.0,38433604.0,4818694.0,84073.0,8381507.0,60627291.0,2934853.0,127202190.0,9965322.0,18319616.0,51392570.0,115842.0,4137314.0,6304025.0,7061498.0,1928461.0,6859408.0,2108327.0,4818976.0,6678565.0,37918.0,2801270.0,604244.0,631633.0,26262313.0,18143215.0,31528033.0,515703.0,19077755.0,439255.0,58412.0,375672.0,4403312.0,1267184.0,259526.0,126190782.0,112640.0,4051950.0,38682.0,3170214.0,627803.0,4993.0,36029089.0,29496009.0,53708318.0,2448300.0,10678.0,28095712.0,17059560.0,,279986.0,4743131.0,6465502.0,22442831.0,195874685.0,1610.0,582921781.0,25549606.0,2082956.0,56889.0,5337960.0,41570823.0,4829476.0,212228288.0,17911.0,4862978.0,4176868.0,8606324.0,6956069.0,31989265.0,106651394.0,37921585.0,10256192.0,3039598.0,2781682.0,882531.0,19506110.0,145734034.0,12301969.0,9824.0,6039.0,52438.0,181890.0,37264.0,5845.0,110210.0,196128.0,33784.0,211032.0,33702757.0,15854324.0,8802741.0,97094.0,7650149.0,5757503.0,41936.0,5453017.0,2077835.0,652856.0,15008225.0,57792520.0,423581098.0,51171700.0,10975924.0,46692863.0,21228760.0,41801532.0,575987.0,,9971630.0,8525614.0,16945062.0,23726460.0,9100847.0,56313444.0,69428454.0,1267975.0,7889095.0,1318.0,103199.0,1389841.0,11565203.0,82340090.0,5850902.0,37667.0,11505.0,42729032.0,44246158.0,9630966.0,67141678.0,327096263.0,104672.0,3449290.0,32476232.0,292675.0,810.0,28887117.0,95545959.0,11653.0,567396.0,7631091110.0,28498683.0,17351714.0,14438812.0
38041757.0,1308064176.0,2880913.0,43053054.0,55312.0,77146.0,31825299.0,14872.0,97115.0,44780675.0,2957728.0,106310.0,4600172691.0,25203200.0,8955108.0,10047719.0,389486.0,1641164.0,163046173.0,287021.0,9452409.0,11539326.0,390351.0,11801151.0,62508.0,763094.0,11513102.0,25983.0,3300998.0,2303703.0,211049519.0,30033.0,433296.0,7000117.0,20321383.0,11530577.0,16486542.0,25876387.0,37411038.0,549936.0,64947.0,4745179.0,15946882.0,172264.0,18952035.0,1433783692.0,50339443.0,850891.0,5380504.0,17547.0,5047561.0,25716554.0,4130299.0,11333484.0,163423.0,1198574.0,10689213.0,86790568.0,5771877.0,973557.0,71808.0,10738957.0,17373657.0,100388076.0,6453550.0,1355982.0,3497117.0,1325649.0,1148133.0,112078727.0,748381389.0,48677.0,3372.0,889955.0,5532159.0,65129731.0,290823.0,279285.0,2172578.0,2347696.0,3996762.0,83517046.0,30417858.0,33706.0,10473452.0,56660.0,112002.0,400048.0,167295.0,17581476.0,12771246.0,1920917.0,782775.0,11263079.0,9746115.0,7436157.0,9684680.0,339037.0,1366417756.0,270625567.0,82913893.0,39309789.0,4882498.0,84589.0,8519373.0,60550092.0,2948277.0,126860299.0,10101697.0,18551428.0,52573967.0,117608.0,4207077.0,6415851.0,7169456.0,1906740.0,6855709.0,2125267.0,4937374.0,6777453.0,38020.0,2759631.0,615730.0,640446.0,26969306.0,18628749.0,31949789.0,530957.0,19658023.0,440377.0,58791.0,375557.0,4525698.0,1269670.0,266153.0,127575529.0,113811.0,4043258.0,38967.0,3225166.0,627988.0,4991.0,36471766.0,30366043.0,54045422.0,2494524.0,10764.0,28608715.0,17097123.0,,282757.0,4783062.0,6545503.0,23310719.0,200963603.0,1614.0,587512621.0,25666158.0,2083458.0,57213.0,5378859.0,42128048.0,4974992.0,216565317.0,18001.0,4981422.0,4246440.0,8776119.0,7044639.0,32510462.0,108116622.0,37887771.0,10226178.0,2933404.0,2832071.0,888932.0,19364558.0,145872260.0,12626938.0,9853.0,6061.0,52834.0,182795.0,38002.0,5821.0,110593.0,197093.0,33864.0,215048.0,34268529.0,16296362.0,8772228.0,97741.0,7813207.0,5804343.0,42389.0,5457012.0,2078654.0,669821.0,15442906.0,58558267.0,427199425.0,51225321.0,11062114.0,46736782.0,21323734.0,42813237.0,581363.0,,10036391.0,8591361.0,17070132.0,23773881.0,9321023.0,58005461.0,69625581.0,1293120.0,8082359.0,1330.0,104497.0,1394969.0,11694721.0,83429607.0,5942094.0,38194.0,11655.0,44269587.0,43993643.0,9770526.0,67530161.0,329064917.0,104579.0,3461731.0,32981714.0,299882.0,815.0,28515829.0,96462108.0,11436.0,582458.0,7713468203.0,29161922.0,17861034.0,14645473.0
38928341.0,1340598111.0,2877800.0,43851043.0,55197.0,77265.0,32866267.0,15002.0,97928.0,45195777.0,2963234.0,106766.0,4639847425.0,25499881.0,9006400.0,10139175.0,393248.0,1701583.0,164689383.0,287371.0,9449321.0,11589616.0,397621.0,12123198.0,62273.0,771612.0,11673029.0,26221.0,3280815.0,2351625.0,212559409.0,30237.0,437483.0,6948445.0,20903278.0,11890781.0,16718971.0,26545864.0,37742157.0,555988.0,65720.0,4829764.0,16425859.0,173859.0,19116209.0,1439323774.0,50882884.0,869595.0,5518092.0,17564.0,5094114.0,26378275.0,4105268.0,11326616.0,164100.0,1207361.0,10708982.0,89561404.0,5792203.0,988002.0,71991.0,10847904.0,17643060.0,102334403.0,6486201.0,1402985.0,3546427.0,1326539.0,1160164.0,114963583.0,748843405.0,48865.0,3483.0,896444.0,5540718.0,65273512.0,298682.0,280904.0,2225728.0,2416664.0,3989175.0,83783945.0,31072945.0,33691.0,10423056.0,56772.0,112519.0,400127.0,168783.0,17915567.0,13132792.0,1967998.0,786559.0,11402533.0,9904608.0,7496988.0,9660350.0,341250.0,1380004385.0,273523621.0,83992953.0,40222503.0,4937796.0,85032.0,8655541.0,60461828.0,2961161.0,126476458.0,10203140.0,18776707.0,53771300.0,119446.0,4270563.0,6524191.0,7275556.0,1886202.0,6825442.0,2142252.0,5057677.0,6871287.0,38137.0,2722291.0,625976.0,649342.0,27691019.0,19129955.0,32365998.0,540542.0,20250834.0,441539.0,59194.0,375265.0,4649660.0,1271767.0,272813.0,128932753.0,115021.0,4033963.0,39244.0,3278292.0,628062.0,4999.0,36910558.0,31255435.0,54409794.0,2540916.0,10834.0,29136808.0,17134873.0,,285491.0,4822233.0,6624554.0,24206636.0,206139587.0,1618.0,592062319.0,25778815.0,2083380.0,57557.0,5421242.0,42677809.0,5106622.0,220892331.0,18092.0,5101416.0,4314768.0,8947027.0,7132530.0,32971845.0,109581085.0,37846605.0,10196707.0,2860840.0,2881060.0,895308.0,19237682.0,145934460.0,12952209.0,9885.0,6071.0,53192.0,183629.0,38659.0,5795.0,110947.0,198410.0,33938.0,219161.0,34813867.0,16743930.0,8737370.0,98340.0,7976985.0,5850343.0,42882.0,5459643.0,2078931.0,686878.0,15893219.0,59308690.0,430759771.0,51269183.0,11193729.0,46754783.0,21413250.0,43849269.0,586634.0,,10099270.0,8654618.0,17500657.0,23816775.0,9537642.0,59734213.0,69799978.0,1318442.0,8278736.0,1350.0,105697.0,1399491.0,11818618.0,84339067.0,6031187.0,38718.0,11792.0,45741000.0,43733759.0,9890400.0,67886004.0,331002647.0,104423.0,3473727.0,33469199.0,307150.0,809.0,28435943.0,97338583.0,11246.0,597330.0,7794798725.0,29825968.0,18383956.0,14862927.0
